"date","ccaa","province","new_cases","cases_accumulated","pcr","TestAc","cases_accumulated_pcr","Muestras.TestAc","muestras_totales","IA14","deceased","fallec_diarios","intensive_care","hospitalized","ocu_UCI_covid","ocu_hospi_covid","ocu_UCI_total","ocu_hospi_total","altas24h_total_covid","source_name","source","comments"
"2020-02-29","Asturias, Principado de","Asturias",1,1,1,0,1,0,NA,0,0,0,NA,NA,NA,NA,NA,NA,NA,"Dados de Laplace","https://dgspasturias.shinyapps.io/panel_de_indicadores_asturias/",NA
"2020-03-01","Asturias, Principado de","Asturias",0,1,0,0,1,0,NA,0,0,0,NA,NA,NA,NA,NA,NA,NA,"Dados de Laplace","https://dgspasturias.shinyapps.io/panel_de_indicadores_asturias/",NA
"2020-03-02","Asturias, Principado de","Asturias",0,1,0,0,1,0,NA,0,0,0,NA,NA,NA,NA,NA,NA,NA,"Dados de Laplace","https://dgspasturias.shinyapps.io/panel_de_indicadores_asturias/",NA
"2020-03-03","Asturias, Principado de","Asturias",2,3,2,0,3,0,NA,0,0,0,NA,NA,NA,NA,NA,NA,NA,"Dados de Laplace","https://dgspasturias.shinyapps.io/panel_de_indicadores_asturias/",NA
"2020-03-04","Asturias, Principado de","Asturias",2,5,2,0,5,0,NA,0,0,0,NA,NA,NA,NA,NA,NA,NA,"Dados de Laplace","https://dgspasturias.shinyapps.io/panel_de_indicadores_asturias/",NA
"2020-03-05","Asturias, Principado de","Asturias",0,5,0,0,5,0,NA,0,0,0,NA,NA,NA,NA,NA,NA,NA,"Dados de Laplace","https://dgspasturias.shinyapps.io/panel_de_indicadores_asturias/",NA
"2020-03-06","Asturias, Principado de","Asturias",3,8,3,0,8,0,NA,0,0,0,NA,NA,NA,NA,NA,NA,NA,"Dados de Laplace","https://dgspasturias.shinyapps.io/panel_de_indicadores_asturias/",NA
"2020-03-07","Asturias, Principado de","Asturias",1,9,1,0,9,0,NA,0,0,0,NA,NA,NA,NA,NA,NA,NA,"Dados de Laplace","https://dgspasturias.shinyapps.io/panel_de_indicadores_asturias/",NA
"2020-03-08","Asturias, Principado de","Asturias",2,11,2,0,11,0,NA,0,0,0,NA,NA,NA,NA,NA,NA,NA,"Dados de Laplace","https://dgspasturias.shinyapps.io/panel_de_indicadores_asturias/",NA
"2020-03-09","Asturias, Principado de","Asturias",5,16,5,0,16,0,NA,0,0,0,NA,NA,NA,NA,NA,NA,NA,"Dados de Laplace","https://dgspasturias.shinyapps.io/panel_de_indicadores_asturias/",NA
"2020-03-10","Asturias, Principado de","Asturias",17,33,17,0,33,0,NA,0,0,0,NA,NA,NA,NA,NA,NA,NA,"Dados de Laplace","https://dgspasturias.shinyapps.io/panel_de_indicadores_asturias/",NA
"2020-03-11","Asturias, Principado de","Asturias",5,38,5,0,38,0,NA,0,0,0,NA,NA,NA,NA,NA,NA,NA,"Dados de Laplace","https://dgspasturias.shinyapps.io/panel_de_indicadores_asturias/",NA
"2020-03-12","Asturias, Principado de","Asturias",3,41,3,0,41,0,NA,0,1,1,NA,NA,NA,NA,NA,NA,NA,"Dados de Laplace","https://dgspasturias.shinyapps.io/panel_de_indicadores_asturias/",NA
"2020-03-13","Asturias, Principado de","Asturias",46,87,46,0,87,0,NA,0,1,0,NA,NA,NA,NA,NA,NA,NA,"Dados de Laplace","https://dgspasturias.shinyapps.io/panel_de_indicadores_asturias/",NA
"2020-03-14","Asturias, Principado de","Asturias",39,126,39,0,126,0,NA,12.221,1,0,NA,NA,NA,NA,NA,NA,NA,"Dados de Laplace","https://dgspasturias.shinyapps.io/panel_de_indicadores_asturias/",NA
"2020-03-15","Asturias, Principado de","Asturias",37,163,37,0,163,0,NA,15.839,1,0,NA,NA,NA,NA,NA,NA,NA,"Dados de Laplace","https://dgspasturias.shinyapps.io/panel_de_indicadores_asturias/",NA
"2020-03-16","Asturias, Principado de","Asturias",65,228,65,0,228,0,NA,22.194,1,0,NA,NA,NA,NA,NA,NA,NA,"Dados de Laplace","https://dgspasturias.shinyapps.io/panel_de_indicadores_asturias/",NA
"2020-03-17","Asturias, Principado de","Asturias",45,273,45,0,273,0,NA,26.398,1,0,NA,NA,NA,NA,NA,NA,NA,"Dados de Laplace","https://dgspasturias.shinyapps.io/panel_de_indicadores_asturias/",NA
"2020-03-18","Asturias, Principado de","Asturias",41,314,41,0,314,0,NA,30.211,1,0,NA,NA,NA,NA,NA,NA,NA,"Dados de Laplace","https://dgspasturias.shinyapps.io/panel_de_indicadores_asturias/",NA
"2020-03-19","Asturias, Principado de","Asturias",119,433,119,0,433,0,NA,41.846,3,2,NA,NA,NA,NA,NA,NA,NA,"Dados de Laplace","https://dgspasturias.shinyapps.io/panel_de_indicadores_asturias/",NA
"2020-03-20","Asturias, Principado de","Asturias",95,528,95,0,528,0,NA,50.841,6,3,NA,NA,NA,NA,NA,NA,NA,"Dados de Laplace","https://dgspasturias.shinyapps.io/panel_de_indicadores_asturias/",NA
"2020-03-21","Asturias, Principado de","Asturias",48,576,48,0,576,0,NA,55.436,11,5,NA,NA,NA,NA,NA,NA,NA,"Dados de Laplace","https://dgspasturias.shinyapps.io/panel_de_indicadores_asturias/",NA
"2020-03-22","Asturias, Principado de","Asturias",52,628,52,0,628,0,NA,60.325,21,10,NA,NA,NA,NA,NA,NA,NA,"Dados de Laplace","https://dgspasturias.shinyapps.io/panel_de_indicadores_asturias/",NA
"2020-03-23","Asturias, Principado de","Asturias",103,731,103,0,731,0,NA,69.906,25,4,NA,NA,NA,NA,NA,NA,NA,"Dados de Laplace","https://dgspasturias.shinyapps.io/panel_de_indicadores_asturias/",NA
"2020-03-24","Asturias, Principado de","Asturias",88,819,88,0,819,0,NA,76.848,28,3,NA,NA,NA,NA,NA,NA,NA,"Dados de Laplace","https://dgspasturias.shinyapps.io/panel_de_indicadores_asturias/",NA
"2020-03-25","Asturias, Principado de","Asturias",80,899,80,0,899,0,NA,84.181,28,0,NA,NA,NA,NA,NA,NA,NA,"Dados de Laplace","https://dgspasturias.shinyapps.io/panel_de_indicadores_asturias/",NA
"2020-03-26","Asturias, Principado de","Asturias",69,968,69,0,968,0,NA,90.634,38,10,NA,NA,NA,NA,NA,NA,NA,"Dados de Laplace","https://dgspasturias.shinyapps.io/panel_de_indicadores_asturias/",NA
"2020-03-27","Asturias, Principado de","Asturias",77,1045,77,0,1045,0,NA,93.664,43,5,NA,NA,NA,NA,NA,NA,NA,"Dados de Laplace","https://dgspasturias.shinyapps.io/panel_de_indicadores_asturias/",NA
"2020-03-28","Asturias, Principado de","Asturias",106,1151,106,0,1151,0,NA,100.215,46,3,NA,NA,NA,NA,NA,NA,NA,"Dados de Laplace","https://dgspasturias.shinyapps.io/panel_de_indicadores_asturias/",NA
"2020-03-29","Asturias, Principado de","Asturias",64,1215,64,0,1215,0,NA,102.855,58,12,NA,NA,NA,NA,NA,NA,NA,"Dados de Laplace","https://dgspasturias.shinyapps.io/panel_de_indicadores_asturias/",NA
"2020-03-30","Asturias, Principado de","Asturias",89,1304,89,0,1304,0,NA,105.201,65,7,NA,NA,NA,NA,NA,NA,NA,"Dados de Laplace","https://dgspasturias.shinyapps.io/panel_de_indicadores_asturias/",NA
"2020-03-31","Asturias, Principado de","Asturias",72,1376,72,0,1376,0,NA,107.841,74,9,NA,NA,NA,NA,NA,NA,NA,"Dados de Laplace","https://dgspasturias.shinyapps.io/panel_de_indicadores_asturias/",NA
"2020-04-01","Asturias, Principado de","Asturias",68,1444,68,0,1444,0,NA,110.481,75,1,NA,NA,NA,NA,NA,NA,NA,"Dados de Laplace","https://dgspasturias.shinyapps.io/panel_de_indicadores_asturias/",NA
"2020-04-02","Asturias, Principado de","Asturias",69,1513,69,0,1513,0,NA,105.592,79,4,NA,NA,NA,NA,NA,NA,NA,"Dados de Laplace","https://dgspasturias.shinyapps.io/panel_de_indicadores_asturias/",NA
"2020-04-03","Asturias, Principado de","Asturias",72,1585,72,0,1585,0,NA,103.344,82,3,NA,NA,NA,NA,NA,NA,NA,"Dados de Laplace","https://dgspasturias.shinyapps.io/panel_de_indicadores_asturias/",NA
"2020-04-04","Asturias, Principado de","Asturias",54,1639,54,0,1639,0,NA,103.93,86,4,NA,NA,NA,NA,NA,NA,NA,"Dados de Laplace","https://dgspasturias.shinyapps.io/panel_de_indicadores_asturias/",NA
"2020-04-05","Asturias, Principado de","Asturias",55,1694,55,0,1694,0,NA,104.224,92,6,NA,NA,NA,NA,NA,NA,NA,"Dados de Laplace","https://dgspasturias.shinyapps.io/panel_de_indicadores_asturias/",NA
"2020-04-06","Asturias, Principado de","Asturias",22,1716,22,0,1716,0,NA,96.304,100,8,NA,NA,NA,NA,NA,NA,NA,"Dados de Laplace","https://dgspasturias.shinyapps.io/panel_de_indicadores_asturias/",NA
"2020-04-07","Asturias, Principado de","Asturias",29,1745,29,0,1745,0,NA,90.536,106,6,NA,NA,NA,NA,NA,NA,NA,"Dados de Laplace","https://dgspasturias.shinyapps.io/panel_de_indicadores_asturias/",NA
"2020-04-08","Asturias, Principado de","Asturias",45,1790,45,0,1790,0,NA,87.114,112,6,NA,NA,NA,NA,NA,NA,NA,"Dados de Laplace","https://dgspasturias.shinyapps.io/panel_de_indicadores_asturias/",NA
"2020-04-09","Asturias, Principado de","Asturias",48,1838,48,0,1838,0,NA,85.061,128,16,NA,NA,NA,NA,NA,NA,NA,"Dados de Laplace","https://dgspasturias.shinyapps.io/panel_de_indicadores_asturias/",NA
"2020-04-10","Asturias, Principado de","Asturias",43,1881,43,0,1881,0,NA,81.736,133,5,NA,NA,NA,NA,NA,NA,NA,"Dados de Laplace","https://dgspasturias.shinyapps.io/panel_de_indicadores_asturias/",NA
"2020-04-11","Asturias, Principado de","Asturias",84,1965,84,0,1965,0,NA,79.585,150,17,NA,NA,NA,NA,NA,NA,NA,"Dados de Laplace","https://dgspasturias.shinyapps.io/panel_de_indicadores_asturias/",NA
"2020-04-12","Asturias, Principado de","Asturias",52,2017,52,0,2017,0,NA,78.412,157,7,NA,NA,NA,NA,NA,NA,NA,"Dados de Laplace","https://dgspasturias.shinyapps.io/panel_de_indicadores_asturias/",NA
"2020-04-13","Asturias, Principado de","Asturias",30,2047,30,0,2047,0,NA,72.644,165,8,NA,NA,NA,NA,NA,NA,NA,"Dados de Laplace","https://dgspasturias.shinyapps.io/panel_de_indicadores_asturias/",NA
"2020-04-14","Asturias, Principado de","Asturias",59,2106,59,0,2106,0,NA,71.373,173,8,NA,NA,NA,NA,NA,NA,NA,"Dados de Laplace","https://dgspasturias.shinyapps.io/panel_de_indicadores_asturias/",NA
"2020-04-15","Asturias, Principado de","Asturias",22,2128,22,0,2128,0,NA,66.875,177,4,NA,NA,NA,NA,NA,NA,NA,"Dados de Laplace","https://dgspasturias.shinyapps.io/panel_de_indicadores_asturias/",NA
"2020-04-16","Asturias, Principado de","Asturias",44,2172,44,0,2172,0,NA,64.431,187,10,NA,NA,NA,NA,NA,NA,NA,"Dados de Laplace","https://dgspasturias.shinyapps.io/panel_de_indicadores_asturias/",NA
"2020-04-17","Asturias, Principado de","Asturias",32,2204,32,0,2204,0,NA,60.52,191,4,NA,NA,NA,NA,NA,NA,NA,"Dados de Laplace","https://dgspasturias.shinyapps.io/panel_de_indicadores_asturias/",NA
"2020-04-18","Asturias, Principado de","Asturias",17,2221,17,0,2221,0,NA,56.903,198,7,NA,NA,NA,NA,NA,NA,NA,"Dados de Laplace","https://dgspasturias.shinyapps.io/panel_de_indicadores_asturias/",NA
"2020-04-19","Asturias, Principado de","Asturias",10,2231,10,0,2231,0,NA,52.503,200,2,NA,NA,NA,NA,NA,NA,NA,"Dados de Laplace","https://dgspasturias.shinyapps.io/panel_de_indicadores_asturias/",NA
"2020-04-20","Asturias, Principado de","Asturias",7,2238,7,0,2238,0,NA,51.036,204,4,NA,NA,NA,NA,NA,NA,NA,"Dados de Laplace","https://dgspasturias.shinyapps.io/panel_de_indicadores_asturias/",NA
"2020-04-21","Asturias, Principado de","Asturias",11,2249,11,0,2249,0,NA,49.276,212,8,NA,NA,NA,NA,NA,NA,NA,"Dados de Laplace","https://dgspasturias.shinyapps.io/panel_de_indicadores_asturias/",NA
"2020-04-22","Asturias, Principado de","Asturias",11,2260,11,0,2260,0,NA,45.952,223,11,NA,NA,NA,NA,NA,NA,NA,"Dados de Laplace","https://dgspasturias.shinyapps.io/panel_de_indicadores_asturias/",NA
"2020-04-23","Asturias, Principado de","Asturias",4,2264,4,0,2264,0,NA,41.65,229,6,NA,NA,NA,NA,NA,NA,NA,"Dados de Laplace","https://dgspasturias.shinyapps.io/panel_de_indicadores_asturias/",NA
"2020-04-24","Asturias, Principado de","Asturias",4,2268,4,0,2268,0,NA,37.837,236,7,NA,NA,NA,NA,NA,NA,NA,"Dados de Laplace","https://dgspasturias.shinyapps.io/panel_de_indicadores_asturias/",NA
"2020-04-25","Asturias, Principado de","Asturias",12,2280,12,0,2280,0,NA,30.798,244,8,NA,NA,NA,NA,NA,NA,NA,"Dados de Laplace","https://dgspasturias.shinyapps.io/panel_de_indicadores_asturias/",NA
"2020-04-26","Asturias, Principado de","Asturias",2,2282,2,0,2282,0,NA,25.909,249,5,NA,NA,NA,NA,NA,NA,NA,"Dados de Laplace","https://dgspasturias.shinyapps.io/panel_de_indicadores_asturias/",NA
"2020-04-27","Asturias, Principado de","Asturias",6,2288,6,0,2288,0,NA,23.563,253,4,NA,NA,NA,NA,NA,NA,NA,"Dados de Laplace","https://dgspasturias.shinyapps.io/panel_de_indicadores_asturias/",NA
"2020-04-28","Asturias, Principado de","Asturias",15,2303,15,0,2303,0,NA,19.261,260,7,NA,NA,NA,NA,NA,NA,NA,"Dados de Laplace","https://dgspasturias.shinyapps.io/panel_de_indicadores_asturias/",NA
"2020-04-29","Asturias, Principado de","Asturias",11,2314,11,0,2314,0,NA,18.185,264,4,NA,NA,NA,NA,NA,NA,NA,"Dados de Laplace","https://dgspasturias.shinyapps.io/panel_de_indicadores_asturias/",NA
"2020-04-30","Asturias, Principado de","Asturias",15,2329,15,0,2329,0,NA,15.35,265,1,NA,NA,NA,NA,NA,NA,NA,"Dados de Laplace","https://dgspasturias.shinyapps.io/panel_de_indicadores_asturias/",NA
"2020-05-01","Asturias, Principado de","Asturias",1,2330,1,0,2330,0,NA,12.319,271,6,NA,NA,NA,NA,NA,NA,NA,"Dados de Laplace","https://dgspasturias.shinyapps.io/panel_de_indicadores_asturias/",NA
"2020-05-02","Asturias, Principado de","Asturias",2,2332,2,0,2332,0,NA,10.853,271,0,NA,NA,NA,NA,NA,NA,NA,"Dados de Laplace","https://dgspasturias.shinyapps.io/panel_de_indicadores_asturias/",NA
"2020-05-03","Asturias, Principado de","Asturias",2,2334,2,0,2334,0,NA,10.07,275,4,NA,NA,NA,NA,NA,NA,NA,"Dados de Laplace","https://dgspasturias.shinyapps.io/panel_de_indicadores_asturias/",NA
"2020-05-04","Asturias, Principado de","Asturias",1,2335,1,0,2335,0,NA,9.484,276,1,NA,NA,NA,NA,NA,NA,NA,"Dados de Laplace","https://dgspasturias.shinyapps.io/panel_de_indicadores_asturias/",NA
"2020-05-05","Asturias, Principado de","Asturias",5,2340,5,0,2340,0,NA,8.897,279,3,NA,NA,NA,NA,NA,NA,NA,"Dados de Laplace","https://dgspasturias.shinyapps.io/panel_de_indicadores_asturias/",NA
"2020-05-06","Asturias, Principado de","Asturias",9,2349,9,0,2349,0,NA,8.702,280,1,NA,NA,NA,NA,NA,NA,NA,"Dados de Laplace","https://dgspasturias.shinyapps.io/panel_de_indicadores_asturias/",NA
"2020-05-07","Asturias, Principado de","Asturias",8,2357,8,0,2357,0,NA,9.093,281,1,NA,NA,NA,NA,NA,NA,NA,"Dados de Laplace","https://dgspasturias.shinyapps.io/panel_de_indicadores_asturias/",NA
"2020-05-08","Asturias, Principado de","Asturias",6,2363,6,0,2363,0,NA,9.288,281,0,NA,NA,NA,NA,NA,NA,NA,"Dados de Laplace","https://dgspasturias.shinyapps.io/panel_de_indicadores_asturias/",NA
"2020-05-09","Asturias, Principado de","Asturias",2,2365,2,0,2365,0,NA,8.311,284,3,NA,NA,NA,NA,NA,NA,NA,"Dados de Laplace","https://dgspasturias.shinyapps.io/panel_de_indicadores_asturias/",NA
"2020-05-10","Asturias, Principado de","Asturias",4,2369,4,0,2369,0,NA,8.506,289,5,NA,NA,NA,NA,NA,NA,NA,"Dados de Laplace","https://dgspasturias.shinyapps.io/panel_de_indicadores_asturias/",NA
"2020-05-11","Asturias, Principado de","Asturias",2,2371,2,0,2371,0,NA,8.115,292,3,NA,NA,NA,NA,NA,NA,NA,"Dados de Laplace","https://dgspasturias.shinyapps.io/panel_de_indicadores_asturias/",NA
"2020-05-12","Asturias, Principado de","Asturias",4,2375,4,0,2375,0,NA,7.039,294,2,NA,NA,NA,NA,NA,NA,NA,"Dados de Laplace","https://dgspasturias.shinyapps.io/panel_de_indicadores_asturias/",NA
"2020-05-13","Asturias, Principado de","Asturias",1,2376,1,0,2376,0,NA,6.062,295,1,NA,NA,NA,NA,NA,NA,NA,"Dados de Laplace","https://dgspasturias.shinyapps.io/panel_de_indicadores_asturias/",NA
"2020-05-14","Asturias, Principado de","Asturias",7,2383,7,0,2383,0,NA,5.28,300,5,NA,NA,NA,NA,NA,NA,NA,"Dados de Laplace","https://dgspasturias.shinyapps.io/panel_de_indicadores_asturias/",NA
"2020-05-15","Asturias, Principado de","Asturias",2,2385,2,0,2385,0,NA,5.377,301,1,NA,NA,NA,NA,NA,NA,NA,"Dados de Laplace","https://dgspasturias.shinyapps.io/panel_de_indicadores_asturias/",NA
"2020-05-16","Asturias, Principado de","Asturias",0,2385,0,0,2385,0,NA,5.182,301,0,NA,NA,NA,NA,NA,NA,NA,"Dados de Laplace","https://dgspasturias.shinyapps.io/panel_de_indicadores_asturias/",NA
"2020-05-17","Asturias, Principado de","Asturias",4,2389,4,0,2389,0,NA,5.377,304,3,NA,NA,NA,NA,NA,NA,NA,"Dados de Laplace","https://dgspasturias.shinyapps.io/panel_de_indicadores_asturias/",NA
"2020-05-18","Asturias, Principado de","Asturias",3,2392,3,0,2392,0,NA,5.573,306,2,NA,NA,NA,NA,NA,NA,NA,"Dados de Laplace","https://dgspasturias.shinyapps.io/panel_de_indicadores_asturias/",NA
"2020-05-19","Asturias, Principado de","Asturias",1,2393,1,0,2393,0,NA,5.182,308,2,NA,NA,NA,NA,NA,NA,NA,"Dados de Laplace","https://dgspasturias.shinyapps.io/panel_de_indicadores_asturias/",NA
"2020-05-20","Asturias, Principado de","Asturias",0,2393,0,0,2393,0,NA,4.302,310,2,NA,NA,NA,NA,NA,NA,NA,"Dados de Laplace","https://dgspasturias.shinyapps.io/panel_de_indicadores_asturias/",NA
"2020-05-21","Asturias, Principado de","Asturias",1,2394,1,0,2394,0,NA,3.618,311,1,NA,NA,NA,NA,NA,NA,NA,"Dados de Laplace","https://dgspasturias.shinyapps.io/panel_de_indicadores_asturias/",NA
"2020-05-22","Asturias, Principado de","Asturias",0,2394,0,0,2394,0,NA,3.031,311,0,NA,NA,NA,NA,NA,NA,NA,"Dados de Laplace","https://dgspasturias.shinyapps.io/panel_de_indicadores_asturias/",NA
"2020-05-23","Asturias, Principado de","Asturias",2,2396,2,0,2396,0,NA,3.031,312,1,NA,NA,NA,NA,NA,NA,NA,"Dados de Laplace","https://dgspasturias.shinyapps.io/panel_de_indicadores_asturias/",NA
"2020-05-24","Asturias, Principado de","Asturias",2,2398,2,0,2398,0,NA,2.835,313,1,NA,NA,NA,NA,NA,NA,NA,"Dados de Laplace","https://dgspasturias.shinyapps.io/panel_de_indicadores_asturias/",NA
"2020-05-25","Asturias, Principado de","Asturias",0,2398,0,0,2398,0,NA,2.64,313,0,NA,NA,NA,NA,NA,NA,NA,"Dados de Laplace","https://dgspasturias.shinyapps.io/panel_de_indicadores_asturias/",NA
"2020-05-26","Asturias, Principado de","Asturias",0,2398,0,0,2398,0,NA,2.249,314,1,NA,NA,NA,NA,NA,NA,NA,"Dados de Laplace","https://dgspasturias.shinyapps.io/panel_de_indicadores_asturias/",NA
"2020-05-27","Asturias, Principado de","Asturias",1,2399,1,0,2399,0,NA,2.249,315,1,NA,NA,NA,NA,NA,NA,NA,"Dados de Laplace","https://dgspasturias.shinyapps.io/panel_de_indicadores_asturias/",NA
"2020-05-28","Asturias, Principado de","Asturias",2,2401,2,0,2401,0,NA,1.76,315,0,NA,NA,NA,NA,NA,NA,NA,"Dados de Laplace","https://dgspasturias.shinyapps.io/panel_de_indicadores_asturias/",NA
"2020-05-29","Asturias, Principado de","Asturias",20,2421,20,0,2421,0,NA,3.52,315,0,NA,NA,NA,NA,NA,NA,NA,"Dados de Laplace","https://dgspasturias.shinyapps.io/panel_de_indicadores_asturias/",NA
"2020-05-30","Asturias, Principado de","Asturias",2,2423,2,0,2423,0,NA,3.715,322,7,NA,NA,NA,NA,NA,NA,NA,"Dados de Laplace","https://dgspasturias.shinyapps.io/panel_de_indicadores_asturias/",NA
"2020-05-31","Asturias, Principado de","Asturias",2,2425,2,0,2425,0,NA,3.52,323,1,NA,NA,NA,NA,NA,NA,NA,"Dados de Laplace","https://dgspasturias.shinyapps.io/panel_de_indicadores_asturias/",NA
"2020-06-01","Asturias, Principado de","Asturias",0,2425,0,0,2425,0,NA,3.226,323,0,NA,NA,NA,NA,NA,NA,NA,"Dados de Laplace","https://dgspasturias.shinyapps.io/panel_de_indicadores_asturias/",NA
"2020-06-02","Asturias, Principado de","Asturias",0,2425,0,0,2425,0,NA,3.129,323,0,NA,NA,NA,NA,NA,NA,NA,"Dados de Laplace","https://dgspasturias.shinyapps.io/panel_de_indicadores_asturias/",NA
"2020-06-03","Asturias, Principado de","Asturias",0,2425,0,0,2425,0,NA,3.129,324,1,NA,NA,NA,NA,NA,NA,NA,"Dados de Laplace","https://dgspasturias.shinyapps.io/panel_de_indicadores_asturias/",NA
"2020-06-04","Asturias, Principado de","Asturias",0,2425,0,0,2425,0,NA,3.031,326,2,NA,NA,NA,NA,NA,NA,NA,"Dados de Laplace","https://dgspasturias.shinyapps.io/panel_de_indicadores_asturias/",NA
"2020-06-05","Asturias, Principado de","Asturias",2,2427,2,0,2427,0,NA,3.226,328,2,NA,NA,NA,NA,NA,NA,NA,"Dados de Laplace","https://dgspasturias.shinyapps.io/panel_de_indicadores_asturias/",NA
"2020-06-06","Asturias, Principado de","Asturias",1,2428,1,0,2428,0,NA,3.129,330,2,NA,NA,NA,NA,NA,NA,NA,"Dados de Laplace","https://dgspasturias.shinyapps.io/panel_de_indicadores_asturias/",NA
"2020-06-07","Asturias, Principado de","Asturias",2,2430,2,0,2430,0,NA,3.129,331,1,NA,NA,NA,NA,NA,NA,NA,"Dados de Laplace","https://dgspasturias.shinyapps.io/panel_de_indicadores_asturias/",NA
"2020-06-08","Asturias, Principado de","Asturias",1,2431,1,0,2431,0,NA,3.226,331,0,NA,NA,NA,NA,NA,NA,NA,"Dados de Laplace","https://dgspasturias.shinyapps.io/panel_de_indicadores_asturias/",NA
"2020-06-09","Asturias, Principado de","Asturias",0,2431,0,0,2431,0,NA,3.226,332,1,NA,NA,NA,NA,NA,NA,NA,"Dados de Laplace","https://dgspasturias.shinyapps.io/panel_de_indicadores_asturias/",NA
"2020-06-10","Asturias, Principado de","Asturias",0,2431,0,0,2431,0,NA,3.129,333,1,NA,NA,NA,NA,NA,NA,NA,"Dados de Laplace","https://dgspasturias.shinyapps.io/panel_de_indicadores_asturias/",NA
"2020-06-11","Asturias, Principado de","Asturias",4,2435,4,0,2435,0,NA,3.324,334,1,NA,NA,NA,NA,NA,NA,NA,"Dados de Laplace","https://dgspasturias.shinyapps.io/panel_de_indicadores_asturias/",NA
"2020-06-12","Asturias, Principado de","Asturias",0,2435,0,0,2435,0,NA,1.369,334,0,NA,NA,NA,NA,NA,NA,NA,"Dados de Laplace","https://dgspasturias.shinyapps.io/panel_de_indicadores_asturias/",NA
"2020-06-13","Asturias, Principado de","Asturias",0,2435,0,0,2435,0,NA,1.173,334,0,NA,NA,NA,NA,NA,NA,NA,"Dados de Laplace","https://dgspasturias.shinyapps.io/panel_de_indicadores_asturias/",NA
"2020-06-14","Asturias, Principado de","Asturias",0,2435,0,0,2435,0,NA,0.978,334,0,NA,NA,NA,NA,NA,NA,NA,"Dados de Laplace","https://dgspasturias.shinyapps.io/panel_de_indicadores_asturias/",NA
"2020-06-15","Asturias, Principado de","Asturias",0,2435,0,0,2435,0,NA,0.978,334,0,NA,NA,NA,NA,NA,NA,NA,"Dados de Laplace","https://dgspasturias.shinyapps.io/panel_de_indicadores_asturias/",NA
"2020-06-16","Asturias, Principado de","Asturias",0,2435,0,0,2435,0,NA,0.978,335,1,NA,NA,NA,NA,NA,NA,NA,"Dados de Laplace","https://dgspasturias.shinyapps.io/panel_de_indicadores_asturias/",NA
"2020-06-17","Asturias, Principado de","Asturias",0,2435,0,0,2435,0,NA,0.978,335,0,NA,NA,NA,NA,NA,NA,NA,"Dados de Laplace","https://dgspasturias.shinyapps.io/panel_de_indicadores_asturias/",NA
"2020-06-18","Asturias, Principado de","Asturias",0,2435,0,0,2435,0,NA,0.978,335,0,NA,NA,NA,NA,NA,NA,NA,"Dados de Laplace","https://dgspasturias.shinyapps.io/panel_de_indicadores_asturias/",NA
"2020-06-19","Asturias, Principado de","Asturias",0,2435,0,0,2435,0,NA,0.782,335,0,NA,NA,NA,NA,NA,NA,NA,"Dados de Laplace","https://dgspasturias.shinyapps.io/panel_de_indicadores_asturias/",NA
"2020-06-20","Asturias, Principado de","Asturias",0,2435,0,0,2435,0,NA,0.684,336,1,NA,NA,NA,NA,NA,NA,NA,"Dados de Laplace","https://dgspasturias.shinyapps.io/panel_de_indicadores_asturias/",NA
"2020-06-21","Asturias, Principado de","Asturias",0,2435,0,0,2435,0,NA,0.489,337,1,NA,NA,NA,NA,NA,NA,NA,"Dados de Laplace","https://dgspasturias.shinyapps.io/panel_de_indicadores_asturias/",NA
"2020-06-22","Asturias, Principado de","Asturias",0,2435,0,0,2435,0,NA,0.391,337,0,NA,NA,NA,NA,NA,NA,NA,"Dados de Laplace","https://dgspasturias.shinyapps.io/panel_de_indicadores_asturias/",NA
"2020-06-23","Asturias, Principado de","Asturias",0,2435,0,0,2435,0,NA,0.391,337,0,NA,NA,NA,NA,NA,NA,NA,"Dados de Laplace","https://dgspasturias.shinyapps.io/panel_de_indicadores_asturias/",NA
"2020-06-24","Asturias, Principado de","Asturias",0,2435,0,0,2435,0,NA,0.391,337,0,NA,NA,NA,NA,NA,NA,NA,"Dados de Laplace","https://dgspasturias.shinyapps.io/panel_de_indicadores_asturias/",NA
"2020-06-25","Asturias, Principado de","Asturias",0,2435,0,0,2435,0,NA,0,337,0,NA,NA,NA,NA,NA,NA,NA,"Dados de Laplace","https://dgspasturias.shinyapps.io/panel_de_indicadores_asturias/",NA
"2020-06-26","Asturias, Principado de","Asturias",0,2435,0,0,2435,0,NA,0,337,0,NA,NA,NA,NA,NA,NA,NA,"Dados de Laplace","https://dgspasturias.shinyapps.io/panel_de_indicadores_asturias/",NA
"2020-06-27","Asturias, Principado de","Asturias",0,2435,0,0,2435,0,NA,0,337,0,NA,NA,NA,NA,NA,NA,NA,"Dados de Laplace","https://dgspasturias.shinyapps.io/panel_de_indicadores_asturias/",NA
"2020-06-28","Asturias, Principado de","Asturias",0,2435,0,0,2435,0,NA,0,337,0,NA,NA,NA,NA,NA,NA,NA,"Dados de Laplace","https://dgspasturias.shinyapps.io/panel_de_indicadores_asturias/",NA
"2020-06-29","Asturias, Principado de","Asturias",0,2435,0,0,2435,0,NA,0,337,0,NA,NA,NA,NA,NA,NA,NA,"Dados de Laplace","https://dgspasturias.shinyapps.io/panel_de_indicadores_asturias/",NA
"2020-06-30","Asturias, Principado de","Asturias",0,2435,0,0,2435,0,NA,0,339,2,NA,NA,NA,NA,NA,NA,NA,"Dados de Laplace","https://dgspasturias.shinyapps.io/panel_de_indicadores_asturias/",NA
"2020-07-01","Asturias, Principado de","Asturias",0,2435,0,0,2435,0,NA,0,340,1,NA,NA,NA,NA,NA,NA,NA,"Dados de Laplace","https://dgspasturias.shinyapps.io/panel_de_indicadores_asturias/",NA
"2020-07-02","Asturias, Principado de","Asturias",0,2435,0,0,2435,0,NA,0,340,0,NA,NA,NA,NA,NA,NA,NA,"Dados de Laplace","https://dgspasturias.shinyapps.io/panel_de_indicadores_asturias/",NA
"2020-07-03","Asturias, Principado de","Asturias",0,2435,0,0,2435,0,NA,0,340,0,NA,NA,NA,NA,NA,NA,NA,"Dados de Laplace","https://dgspasturias.shinyapps.io/panel_de_indicadores_asturias/",NA
"2020-07-04","Asturias, Principado de","Asturias",0,2435,0,0,2435,0,NA,0,340,0,NA,NA,NA,NA,NA,NA,NA,"Dados de Laplace","https://dgspasturias.shinyapps.io/panel_de_indicadores_asturias/",NA
"2020-07-05","Asturias, Principado de","Asturias",0,2435,0,0,2435,0,NA,0,340,0,NA,NA,NA,NA,NA,NA,NA,"Dados de Laplace","https://dgspasturias.shinyapps.io/panel_de_indicadores_asturias/",NA
"2020-07-06","Asturias, Principado de","Asturias",0,2435,0,0,2435,0,NA,0,340,0,NA,NA,NA,NA,NA,NA,NA,"Dados de Laplace","https://dgspasturias.shinyapps.io/panel_de_indicadores_asturias/",NA
"2020-07-07","Asturias, Principado de","Asturias",1,2436,1,0,2436,0,NA,0.098,340,0,NA,NA,NA,NA,NA,NA,NA,"Dados de Laplace","https://dgspasturias.shinyapps.io/panel_de_indicadores_asturias/",NA
"2020-07-08","Asturias, Principado de","Asturias",0,2436,0,0,2436,0,NA,0.098,340,0,3,6,1.176,0.191,27.059,64.971,0,"Dados de Laplace","https://dgspasturias.shinyapps.io/panel_de_indicadores_asturias/",NA
"2020-07-09","Asturias, Principado de","Asturias",1,2437,1,0,2437,0,NA,0.196,340,0,3,8,1.176,0.255,23.137,64.365,0,"Dados de Laplace","https://dgspasturias.shinyapps.io/panel_de_indicadores_asturias/",NA
"2020-07-10","Asturias, Principado de","Asturias",0,2437,0,0,2437,0,NA,0.196,340,0,3,11,1.163,0.353,19.767,59.872,0,"Dados de Laplace","https://dgspasturias.shinyapps.io/panel_de_indicadores_asturias/",NA
"2020-07-11","Asturias, Principado de","Asturias",0,2437,0,0,2437,0,NA,0.196,340,0,3,14,1.163,0.45,22.481,60.116,1,"Dados de Laplace","https://dgspasturias.shinyapps.io/panel_de_indicadores_asturias/",NA
"2020-07-12","Asturias, Principado de","Asturias",0,2437,0,0,2437,0,NA,0.196,340,0,3,19,1.163,0.61,22.481,64.109,0,"Dados de Laplace","https://dgspasturias.shinyapps.io/panel_de_indicadores_asturias/",NA
"2020-07-13","Asturias, Principado de","Asturias",5,2442,5,0,2442,0,NA,0.684,340,0,3,11,1.163,0.352,20.155,65.548,0,"Dados de Laplace","https://dgspasturias.shinyapps.io/panel_de_indicadores_asturias/",NA
"2020-07-14","Asturias, Principado de","Asturias",0,2442,0,0,2442,0,NA,0.684,340,0,4,17,1.55,0.543,22.093,65.187,0,"Dados de Laplace","https://dgspasturias.shinyapps.io/panel_de_indicadores_asturias/",NA
"2020-07-15","Asturias, Principado de","Asturias",0,2442,0,0,2442,0,NA,0.684,340,0,4,12,1.55,0.383,24.806,64.005,0,"Dados de Laplace","https://dgspasturias.shinyapps.io/panel_de_indicadores_asturias/",NA
"2020-07-16","Asturias, Principado de","Asturias",0,2442,0,0,2442,0,NA,0.684,340,0,3,8,1.163,0.256,20.155,61.769,0,"Dados de Laplace","https://dgspasturias.shinyapps.io/panel_de_indicadores_asturias/",NA
"2020-07-17","Asturias, Principado de","Asturias",1,2443,1,0,2443,0,NA,0.782,340,0,4,14,1.55,0.449,21.318,57.652,0,"Dados de Laplace","https://dgspasturias.shinyapps.io/panel_de_indicadores_asturias/",NA
"2020-07-18","Asturias, Principado de","Asturias",1,2444,1,0,2444,0,NA,0.88,340,0,3,14,1.163,0.449,21.705,58.344,0,"Dados de Laplace","https://dgspasturias.shinyapps.io/panel_de_indicadores_asturias/",NA
"2020-07-19","Asturias, Principado de","Asturias",1,2445,1,0,2445,0,NA,0.978,340,0,3,15,1.215,0.498,23.482,63.458,0,"Dados de Laplace","https://dgspasturias.shinyapps.io/panel_de_indicadores_asturias/",NA
"2020-07-20","Asturias, Principado de","Asturias",2,2447,2,0,2447,0,NA,1.173,340,0,4,9,1.619,0.298,21.862,65.749,1,"Dados de Laplace","https://dgspasturias.shinyapps.io/panel_de_indicadores_asturias/",NA
"2020-07-21","Asturias, Principado de","Asturias",1,2448,1,0,2448,0,NA,1.173,340,0,3,12,1.163,0.385,20.155,65.983,0,"Dados de Laplace","https://dgspasturias.shinyapps.io/panel_de_indicadores_asturias/",NA
"2020-07-22","Asturias, Principado de","Asturias",4,2452,4,0,2452,0,NA,1.564,340,0,3,13,1.215,0.431,23.482,66.313,0,"Dados de Laplace","https://dgspasturias.shinyapps.io/panel_de_indicadores_asturias/",NA
"2020-07-23","Asturias, Principado de","Asturias",2,2454,2,0,2454,0,NA,1.662,340,0,3,16,1.215,0.531,24.291,65.692,0,"Dados de Laplace","https://dgspasturias.shinyapps.io/panel_de_indicadores_asturias/",NA
"2020-07-24","Asturias, Principado de","Asturias",1,2455,1,0,2455,0,NA,1.76,340,0,4,14,1.55,0.449,21.705,58.788,0,"Dados de Laplace","https://dgspasturias.shinyapps.io/panel_de_indicadores_asturias/",NA
"2020-07-25","Asturias, Principado de","Asturias",6,2461,6,0,2461,0,NA,2.346,340,0,3,15,1.163,0.481,21.705,59.756,0,"Dados de Laplace","https://dgspasturias.shinyapps.io/panel_de_indicadores_asturias/",NA
"2020-07-26","Asturias, Principado de","Asturias",5,2466,5,0,2466,0,NA,2.835,340,0,NA,NA,NA,NA,NA,NA,NA,"Dados de Laplace","https://dgspasturias.shinyapps.io/panel_de_indicadores_asturias/",NA
"2020-07-27","Asturias, Principado de","Asturias",2,2468,2,0,2468,0,NA,2.542,340,0,3,17,1.163,0.546,20.543,65.907,1,"Dados de Laplace","https://dgspasturias.shinyapps.io/panel_de_indicadores_asturias/",NA
"2020-07-28","Asturias, Principado de","Asturias",13,2481,13,0,2481,0,NA,3.813,341,1,3,15,1.215,0.499,22.267,66.235,0,"Dados de Laplace","https://dgspasturias.shinyapps.io/panel_de_indicadores_asturias/",NA
"2020-07-29","Asturias, Principado de","Asturias",14,2495,14,0,2495,0,NA,5.182,341,0,3,10,1.215,0.332,21.053,64.827,0,"Dados de Laplace","https://dgspasturias.shinyapps.io/panel_de_indicadores_asturias/",NA
"2020-07-30","Asturias, Principado de","Asturias",20,2515,20,0,2515,0,NA,7.137,341,0,3,11,1.163,0.353,20.155,63.263,2,"Dados de Laplace","https://dgspasturias.shinyapps.io/panel_de_indicadores_asturias/",NA
"2020-07-31","Asturias, Principado de","Asturias",15,2530,15,0,2530,0,NA,8.506,341,0,4,6,1.55,0.193,20.543,58.844,2,"Dados de Laplace","https://dgspasturias.shinyapps.io/panel_de_indicadores_asturias/",NA
"2020-08-01","Asturias, Principado de","Asturias",15,2545,15,0,2545,0,2340,9.875,341,0,5,5,1.938,0.161,18.217,59.775,0,"Dados de Laplace","https://dgspasturias.shinyapps.io/panel_de_indicadores_asturias/",NA
"2020-08-02","Asturias, Principado de","Asturias",8,2553,8,0,2553,0,3981,10.559,341,0,5,5,2.024,0.166,20.243,62.558,0,"Dados de Laplace","https://dgspasturias.shinyapps.io/panel_de_indicadores_asturias/",NA
"2020-08-03","Asturias, Principado de","Asturias",6,2559,6,0,2559,0,6242,10.95,341,0,4,12,1.619,0.399,21.457,63.942,0,"Dados de Laplace","https://dgspasturias.shinyapps.io/panel_de_indicadores_asturias/",NA
"2020-08-04","Asturias, Principado de","Asturias",14,2573,14,0,2573,0,8515,12.221,341,0,4,9,1.619,0.299,19.433,64.407,0,"Dados de Laplace","https://dgspasturias.shinyapps.io/panel_de_indicadores_asturias/",NA
"2020-08-05","Asturias, Principado de","Asturias",34,2607,34,0,2607,0,10791,15.154,341,0,4,8,1.619,0.266,22.267,64.44,3,"Dados de Laplace","https://dgspasturias.shinyapps.io/panel_de_indicadores_asturias/",NA
"2020-08-06","Asturias, Principado de","Asturias",28,2635,28,0,2635,0,12919,17.697,341,0,4,6,1.619,0.199,21.457,62.546,0,"Dados de Laplace","https://dgspasturias.shinyapps.io/panel_de_indicadores_asturias/",NA
"2020-08-07","Asturias, Principado de","Asturias",25,2660,25,0,2660,0,15624,20.043,341,0,4,10,1.55,0.321,17.829,56.23,0,"Dados de Laplace","https://dgspasturias.shinyapps.io/panel_de_indicadores_asturias/",NA
"2020-08-08","Asturias, Principado de","Asturias",25,2685,25,0,2685,0,17548,21.901,341,0,5,10,1.938,0.321,18.605,57.354,0,"Dados de Laplace","https://dgspasturias.shinyapps.io/panel_de_indicadores_asturias/",NA
"2020-08-09","Asturias, Principado de","Asturias",16,2701,16,0,2701,0,19086,22.976,341,0,4,8,1.619,0.266,20.648,61.449,0,"Dados de Laplace","https://dgspasturias.shinyapps.io/panel_de_indicadores_asturias/",NA
"2020-08-10","Asturias, Principado de","Asturias",14,2715,14,0,2715,0,20729,24.149,341,0,4,7,1.55,0.225,20.543,61.593,0,"Dados de Laplace","https://dgspasturias.shinyapps.io/panel_de_indicadores_asturias/",NA
"2020-08-11","Asturias, Principado de","Asturias",21,2736,21,0,2736,0,22820,24.932,341,0,3,11,1.163,0.353,21.318,61.914,0,"Dados de Laplace","https://dgspasturias.shinyapps.io/panel_de_indicadores_asturias/",NA
"2020-08-12","Asturias, Principado de","Asturias",27,2763,27,0,2763,0,24751,26.203,341,0,3,11,1.163,0.353,19.38,62.813,0,"Dados de Laplace","https://dgspasturias.shinyapps.io/panel_de_indicadores_asturias/",NA
"2020-08-13","Asturias, Principado de","Asturias",22,2785,22,0,2785,0,26837,26.398,341,0,2,15,0.81,0.499,19.838,62.014,3,"Dados de Laplace","https://dgspasturias.shinyapps.io/panel_de_indicadores_asturias/",NA
"2020-08-14","Asturias, Principado de","Asturias",33,2818,33,0,2818,0,28693,28.158,341,0,3,13,1.163,0.417,19.767,57.836,0,"Dados de Laplace","https://dgspasturias.shinyapps.io/panel_de_indicadores_asturias/",NA
"2020-08-15","Asturias, Principado de","Asturias",23,2841,23,0,2841,0,30281,28.94,341,0,3,11,1.163,0.353,20.93,58.092,0,"Dados de Laplace","https://dgspasturias.shinyapps.io/panel_de_indicadores_asturias/",NA
"2020-08-16","Asturias, Principado de","Asturias",18,2859,18,0,2859,0,31537,29.918,341,0,3,15,1.163,0.482,20.93,61.85,1,"Dados de Laplace","https://dgspasturias.shinyapps.io/panel_de_indicadores_asturias/",NA
"2020-08-17","Asturias, Principado de","Asturias",19,2878,19,0,2878,0,33691,31.189,341,0,3,20,1.163,0.642,24.031,63.423,2,"Dados de Laplace","https://dgspasturias.shinyapps.io/panel_de_indicadores_asturias/",NA
"2020-08-18","Asturias, Principado de","Asturias",30,2908,30,0,2908,0,36306,32.753,341,0,3,21,1.163,0.674,22.093,63.648,2,"Dados de Laplace","https://dgspasturias.shinyapps.io/panel_de_indicadores_asturias/",NA
"2020-08-19","Asturias, Principado de","Asturias",23,2931,23,0,2931,0,38642,31.678,341,0,3,17,1.163,0.546,22.481,63.295,4,"Dados de Laplace","https://dgspasturias.shinyapps.io/panel_de_indicadores_asturias/",NA
"2020-08-20","Asturias, Principado de","Asturias",40,2971,40,0,2971,0,40820,32.851,341,0,3,19,1.163,0.61,21.318,63.487,7,"Dados de Laplace","https://dgspasturias.shinyapps.io/panel_de_indicadores_asturias/",NA
"2020-08-21","Asturias, Principado de","Asturias",31,3002,31,0,3002,0,42888,33.438,341,0,5,12,1.938,0.385,19.38,57.707,3,"Dados de Laplace","https://dgspasturias.shinyapps.io/panel_de_indicadores_asturias/",NA
"2020-08-22","Asturias, Principado de","Asturias",26,3028,26,0,3028,0,44481,33.535,341,0,4,13,1.55,0.417,21.705,58.96,0,"Dados de Laplace","https://dgspasturias.shinyapps.io/panel_de_indicadores_asturias/",NA
"2020-08-23","Asturias, Principado de","Asturias",19,3047,19,0,3047,0,45525,33.829,342,1,3,14,1.163,0.45,23.256,62.62,2,"Dados de Laplace","https://dgspasturias.shinyapps.io/panel_de_indicadores_asturias/",NA
"2020-08-24","Asturias, Principado de","Asturias",50,3097,50,0,3097,0,47757,37.348,342,0,2,17,0.775,0.546,20.543,64.419,1,"Dados de Laplace","https://dgspasturias.shinyapps.io/panel_de_indicadores_asturias/",NA
"2020-08-25","Asturias, Principado de","Asturias",46,3143,46,0,3143,0,49782,39.793,342,0,2,22,0.775,0.706,22.481,65.478,1,"Dados de Laplace","https://dgspasturias.shinyapps.io/panel_de_indicadores_asturias/",NA
"2020-08-26","Asturias, Principado de","Asturias",37,3180,37,0,3180,0,52202,40.77,342,0,2,21,0.775,0.674,20.93,63.102,2,"Dados de Laplace","https://dgspasturias.shinyapps.io/panel_de_indicadores_asturias/",NA
"2020-08-27","Asturias, Principado de","Asturias",36,3216,36,0,3216,0,54370,42.139,342,0,2,18,0.775,0.578,21.705,62.267,1,"Dados de Laplace","https://dgspasturias.shinyapps.io/panel_de_indicadores_asturias/",NA
"2020-08-28","Asturias, Principado de","Asturias",45,3261,45,0,3261,0,56371,43.312,342,0,3,32,1.163,1.028,21.705,58.51,1,"Dados de Laplace","https://dgspasturias.shinyapps.io/panel_de_indicadores_asturias/",NA
"2020-08-29","Asturias, Principado de","Asturias",31,3292,31,0,3292,0,58215,44.095,342,0,3,34,1.163,1.092,22.481,59.698,0,"Dados de Laplace","https://dgspasturias.shinyapps.io/panel_de_indicadores_asturias/",NA
"2020-08-30","Asturias, Principado de","Asturias",27,3319,27,0,3319,0,59618,44.975,342,0,4,40,1.55,1.285,22.093,63.423,5,"Dados de Laplace","https://dgspasturias.shinyapps.io/panel_de_indicadores_asturias/",NA
"2020-08-31","Asturias, Principado de","Asturias",29,3348,29,0,3348,0,61681,45.952,342,0,4,35,1.55,1.124,21.318,65.446,6,"Dados de Laplace","https://dgspasturias.shinyapps.io/panel_de_indicadores_asturias/",NA
"2020-09-01","Asturias, Principado de","Asturias",39,3387,39,0,3387,0,64413,46.832,342,0,5,41,1.938,1.317,21.705,66.185,5,"Dados de Laplace","https://dgspasturias.shinyapps.io/panel_de_indicadores_asturias/",NA
"2020-09-02","Asturias, Principado de","Asturias",62,3449,62,0,3449,0,67085,50.645,342,0,4,46,1.55,1.477,21.705,65.671,0,"Dados de Laplace","https://dgspasturias.shinyapps.io/panel_de_indicadores_asturias/",NA
"2020-09-03","Asturias, Principado de","Asturias",52,3501,52,0,3501,0,70066,51.819,343,1,5,43,1.938,1.381,20.93,63.873,7,"Dados de Laplace","https://dgspasturias.shinyapps.io/panel_de_indicadores_asturias/",NA
"2020-09-04","Asturias, Principado de","Asturias",67,3568,67,0,3568,0,72908,55.338,344,1,4,39,1.55,1.252,18.992,58.767,7,"Dados de Laplace","https://dgspasturias.shinyapps.io/panel_de_indicadores_asturias/",NA
"2020-09-05","Asturias, Principado de","Asturias",51,3619,51,0,3619,0,75311,57.783,344,0,7,38,2.713,1.22,22.093,59.666,1,"Dados de Laplace","https://dgspasturias.shinyapps.io/panel_de_indicadores_asturias/",NA
"2020-09-06","Asturias, Principado de","Asturias",55,3674,55,0,3674,0,77200,61.302,344,0,7,50,2.713,1.606,22.093,63.102,7,"Dados de Laplace","https://dgspasturias.shinyapps.io/panel_de_indicadores_asturias/",NA
"2020-09-07","Asturias, Principado de","Asturias",14,3688,14,0,3688,0,78803,57.783,345,1,7,42,2.713,1.349,22.481,60.854,4,"Dados de Laplace","https://dgspasturias.shinyapps.io/panel_de_indicadores_asturias/",NA
"2020-09-08","Asturias, Principado de","Asturias",64,3752,64,0,3752,0,81219,59.542,345,0,8,48,3.101,1.541,20.543,65.093,5,"Dados de Laplace","https://dgspasturias.shinyapps.io/panel_de_indicadores_asturias/",NA
"2020-09-09","Asturias, Principado de","Asturias",25,3777,25,0,3777,0,82874,58.369,345,0,9,48,3.488,1.541,22.093,66.988,3,"Dados de Laplace","https://dgspasturias.shinyapps.io/panel_de_indicadores_asturias/",NA
"2020-09-10","Asturias, Principado de","Asturias",44,3821,44,0,3821,0,86029,59.151,345,0,9,57,3.488,1.83,21.318,66.956,2,"Dados de Laplace","https://dgspasturias.shinyapps.io/panel_de_indicadores_asturias/",NA
"2020-09-11","Asturias, Principado de","Asturias",84,3905,84,0,3905,0,89091,62.964,347,2,9,50,3.488,1.606,20.155,60.18,9,"Dados de Laplace","https://dgspasturias.shinyapps.io/panel_de_indicadores_asturias/",NA
"2020-09-12","Asturias, Principado de","Asturias",66,3971,66,0,3971,0,91403,66.386,347,0,9,47,3.488,1.509,18.992,61.432,0,"Dados de Laplace","https://dgspasturias.shinyapps.io/panel_de_indicadores_asturias/",NA
"2020-09-13","Asturias, Principado de","Asturias",70,4041,70,0,4041,0,93136,70.591,347,0,10,49,3.876,1.574,21.705,65.511,5,"Dados de Laplace","https://dgspasturias.shinyapps.io/panel_de_indicadores_asturias/",NA
"2020-09-14","Asturias, Principado de","Asturias",52,4093,52,0,4093,0,95522,72.839,348,1,11,49,4.453,1.628,21.457,67.198,7,"Dados de Laplace","https://dgspasturias.shinyapps.io/panel_de_indicadores_asturias/",NA
"2020-09-15","Asturias, Principado de","Asturias",70,4163,70,0,4163,0,98888,75.87,348,0,11,45,4.264,1.506,24.031,66.801,8,"Dados de Laplace","https://dgspasturias.shinyapps.io/panel_de_indicadores_asturias/",NA
"2020-09-16","Asturias, Principado de","Asturias",79,4242,79,0,4242,0,102650,77.532,349,1,10,40,3.876,1.285,24.419,67.502,7,"Dados de Laplace","https://dgspasturias.shinyapps.io/panel_de_indicadores_asturias/",NA
"2020-09-17","Asturias, Principado de","Asturias",93,4335,93,0,4335,0,106739,81.541,349,0,12,40,4.651,1.285,25.194,68.979,7,"Dados de Laplace","https://dgspasturias.shinyapps.io/panel_de_indicadores_asturias/",NA
"2020-09-18","Asturias, Principado de","Asturias",96,4431,96,0,4431,0,110718,84.376,349,0,13,37,5.039,1.188,21.705,63.68,6,"Dados de Laplace","https://dgspasturias.shinyapps.io/panel_de_indicadores_asturias/",NA
"2020-09-19","Asturias, Principado de","Asturias",133,4564,133,0,4564,0,114305,92.393,349,0,12,40,4.651,1.285,20.93,64.162,1,"Dados de Laplace","https://dgspasturias.shinyapps.io/panel_de_indicadores_asturias/",NA
"2020-09-20","Asturias, Principado de","Asturias",57,4621,57,0,4621,0,116466,92.589,349,0,11,43,4.264,1.381,21.318,66.153,0,"Dados de Laplace","https://dgspasturias.shinyapps.io/panel_de_indicadores_asturias/",NA
"2020-09-21","Asturias, Principado de","Asturias",68,4689,68,0,4689,0,118828,97.869,350,1,11,51,4.264,1.638,25.194,69.075,6,"Dados de Laplace","https://dgspasturias.shinyapps.io/panel_de_indicadores_asturias/",NA
"2020-09-22","Asturias, Principado de","Asturias",81,4770,81,0,4770,0,122106,99.531,350,0,13,51,5.039,1.65,27.907,68.22,6,"Dados de Laplace","https://dgspasturias.shinyapps.io/panel_de_indicadores_asturias/",NA
"2020-09-23","Asturias, Principado de","Asturias",100,4870,100,0,4870,0,125725,106.864,350,0,13,49,5.039,1.586,26.744,67.217,3,"Dados de Laplace","https://dgspasturias.shinyapps.io/panel_de_indicadores_asturias/",NA
"2020-09-24","Asturias, Principado de","Asturias",91,4961,91,0,4961,0,129825,111.459,351,1,11,59,4.264,1.909,27.907,67.54,5,"Dados de Laplace","https://dgspasturias.shinyapps.io/panel_de_indicadores_asturias/",NA
"2020-09-25","Asturias, Principado de","Asturias",129,5090,129,0,5090,0,133454,115.858,351,0,12,49,4.651,1.579,24.419,61.082,13,"Dados de Laplace","https://dgspasturias.shinyapps.io/panel_de_indicadores_asturias/",NA
"2020-09-26","Asturias, Principado de","Asturias",111,5201,111,0,5201,0,136621,120.258,352,1,15,51,5.814,1.643,25.969,61.92,2,"Dados de Laplace","https://dgspasturias.shinyapps.io/panel_de_indicadores_asturias/",NA
"2020-09-27","Asturias, Principado de","Asturias",63,5264,63,0,5264,0,138354,119.574,352,0,14,59,5.426,1.901,26.357,64.369,3,"Dados de Laplace","https://dgspasturias.shinyapps.io/panel_de_indicadores_asturias/",NA
"2020-09-28","Asturias, Principado de","Asturias",67,5331,67,0,5331,0,141185,121.04,352,0,17,60,6.589,1.933,24.031,67.977,5,"Dados de Laplace","https://dgspasturias.shinyapps.io/panel_de_indicadores_asturias/",NA
"2020-09-29","Asturias, Principado de","Asturias",69,5400,69,0,5400,0,144746,120.943,354,2,16,58,6.202,1.869,23.256,69.62,14,"Dados de Laplace","https://dgspasturias.shinyapps.io/panel_de_indicadores_asturias/",NA
"2020-09-30","Asturias, Principado de","Asturias",107,5507,107,0,5507,0,148268,123.68,357,3,14,55,5.426,1.761,22.481,69.782,11,"Dados de Laplace","https://dgspasturias.shinyapps.io/panel_de_indicadores_asturias/",NA
"2020-10-01","Asturias, Principado de","Asturias",76,5583,76,0,5583,0,151563,122.018,358,1,17,59,6.589,1.889,22.868,63.668,3,"Dados de Laplace","https://dgspasturias.shinyapps.io/panel_de_indicadores_asturias/",NA
"2020-10-02","Asturias, Principado de","Asturias",142,5725,142,0,5725,0,154912,126.515,358,0,18,70,7.287,2.319,25.911,65.816,7,"Dados de Laplace","https://dgspasturias.shinyapps.io/panel_de_indicadores_asturias/",NA
"2020-10-03","Asturias, Principado de","Asturias",95,5820,95,0,5820,0,157311,122.8,358,0,18,70,7.287,2.319,23.887,66.115,4,"Dados de Laplace","https://dgspasturias.shinyapps.io/panel_de_indicadores_asturias/",NA
"2020-10-04","Asturias, Principado de","Asturias",92,5912,92,0,5912,0,159602,126.222,358,0,20,89,7.752,2.853,25.969,70.096,4,"Dados de Laplace","https://dgspasturias.shinyapps.io/panel_de_indicadores_asturias/",NA
"2020-10-05","Asturias, Principado de","Asturias",84,5996,84,0,5996,0,162258,127.786,358,0,21,85,8.14,2.701,27.907,70.289,11,"Dados de Laplace","https://dgspasturias.shinyapps.io/panel_de_indicadores_asturias/",NA
"2020-10-06","Asturias, Principado de","Asturias",117,6113,117,0,6113,0,165963,131.306,359,1,21,100,8.14,3.177,28.295,72.236,14,"Dados de Laplace","https://dgspasturias.shinyapps.io/panel_de_indicadores_asturias/",NA
"2020-10-07","Asturias, Principado de","Asturias",119,6232,119,0,6232,0,169743,133.164,360,1,24,103,9.302,3.272,29.845,72.745,14,"Dados de Laplace","https://dgspasturias.shinyapps.io/panel_de_indicadores_asturias/",NA
"2020-10-08","Asturias, Principado de","Asturias",121,6353,121,0,6353,0,174152,136.097,363,3,25,112,9.69,3.561,28.682,71.638,13,"Dados de Laplace","https://dgspasturias.shinyapps.io/panel_de_indicadores_asturias/",NA
"2020-10-09","Asturias, Principado de","Asturias",230,6583,230,0,6583,0,177883,145.972,365,2,22,116,8.118,3.699,27.306,65.784,17,"Dados de Laplace","https://dgspasturias.shinyapps.io/panel_de_indicadores_asturias/",NA
"2020-10-10","Asturias, Principado de","Asturias",239,6822,239,0,6822,0,181647,158.487,365,0,21,137,7.749,4.366,25.83,66.316,5,"Dados de Laplace","https://dgspasturias.shinyapps.io/panel_de_indicadores_asturias/",NA
"2020-10-11","Asturias, Principado de","Asturias",161,6983,161,0,6983,0,184837,168.068,365,0,24,157,8.856,5.003,27.306,68.133,3,"Dados de Laplace","https://dgspasturias.shinyapps.io/panel_de_indicadores_asturias/",NA
"2020-10-12","Asturias, Principado de","Asturias",140,7123,140,0,7123,0,187983,175.205,366,1,27,160,9.963,5.002,28.044,70.084,9,"Dados de Laplace","https://dgspasturias.shinyapps.io/panel_de_indicadores_asturias/",NA
"2020-10-13","Asturias, Principado de","Asturias",185,7308,185,0,7308,0,191155,186.547,370,4,25,185,9.225,5.79,27.306,72.582,24,"Dados de Laplace","https://dgspasturias.shinyapps.io/panel_de_indicadores_asturias/",NA
"2020-10-14","Asturias, Principado de","Asturias",189,7497,189,0,7497,0,195136,194.564,372,2,29,197,10.701,6.17,26.937,73.317,22,"Dados de Laplace","https://dgspasturias.shinyapps.io/panel_de_indicadores_asturias/",NA
"2020-10-15","Asturias, Principado de","Asturias",200,7697,200,0,7697,0,199243,206.688,373,1,35,213,12.727,6.646,29.091,73.261,24,"Dados de Laplace","https://dgspasturias.shinyapps.io/panel_de_indicadores_asturias/",NA
"2020-10-16","Asturias, Principado de","Asturias",208,7905,208,0,7905,0,202995,213.14,376,3,32,210,11.636,6.602,26.182,67.966,27,"Dados de Laplace","https://dgspasturias.shinyapps.io/panel_de_indicadores_asturias/",NA
"2020-10-17","Asturias, Principado de","Asturias",279,8184,279,0,8184,0,206866,231.13,378,2,35,232,12.727,7.323,26.909,69.255,6,"Dados de Laplace","https://dgspasturias.shinyapps.io/panel_de_indicadores_asturias/",NA
"2020-10-18","Asturias, Principado de","Asturias",255,8439,255,0,8439,0,210045,247.067,380,2,35,250,12.727,7.889,28,72.988,7,"Dados de Laplace","https://dgspasturias.shinyapps.io/panel_de_indicadores_asturias/",NA
"2020-10-19","Asturias, Principado de","Asturias",210,8649,210,0,8649,0,213118,259.386,382,2,39,277,14.773,9.103,30.682,74.893,12,"Dados de Laplace","https://dgspasturias.shinyapps.io/panel_de_indicadores_asturias/",NA
"2020-10-20","Asturias, Principado de","Asturias",185,8834,185,0,8834,0,217577,266.034,387,5,39,284,14.182,9.022,29.455,73.571,37,"Dados de Laplace","https://dgspasturias.shinyapps.io/panel_de_indicadores_asturias/",NA
"2020-10-21","Asturias, Principado de","Asturias",270,9104,270,0,9104,0,222321,280.798,396,9,39,295,14.182,9.28,27.636,72.727,29,"Dados de Laplace","https://dgspasturias.shinyapps.io/panel_de_indicadores_asturias/",NA
"2020-10-22","Asturias, Principado de","Asturias",321,9425,321,0,9425,0,227027,300.352,403,7,40,316,15.385,10.512,28.846,74.118,31,"Dados de Laplace","https://dgspasturias.shinyapps.io/panel_de_indicadores_asturias/",NA
"2020-10-23","Asturias, Principado de","Asturias",383,9808,383,0,9808,0,231947,315.311,411,8,43,345,16.538,11.489,30,68.099,47,"Dados de Laplace","https://dgspasturias.shinyapps.io/panel_de_indicadores_asturias/",NA
"2020-10-24","Asturias, Principado de","Asturias",303,10111,303,0,10111,0,236590,321.568,419,8,49,364,18.081,11.712,31.734,69.176,19,"Dados de Laplace","https://dgspasturias.shinyapps.io/panel_de_indicadores_asturias/",NA
"2020-10-25","Asturias, Principado de","Asturias",247,10358,247,0,10358,0,239720,329.977,422,3,50,428,18.45,13.736,31.365,74.198,27,"Dados de Laplace","https://dgspasturias.shinyapps.io/panel_de_indicadores_asturias/",NA
"2020-10-26","Asturias, Principado de","Asturias",243,10601,243,0,10601,0,243427,340.047,428,6,53,429,20.385,13.924,33.462,74.976,36,"Dados de Laplace","https://dgspasturias.shinyapps.io/panel_de_indicadores_asturias/",NA
"2020-10-27","Asturias, Principado de","Asturias",346,10947,346,0,10947,0,249033,355.788,434,6,61,444,22.509,14.3,33.948,73.591,65,"Dados de Laplace","https://dgspasturias.shinyapps.io/panel_de_indicadores_asturias/",NA
"2020-10-28","Asturias, Principado de","Asturias",407,11354,407,0,11354,0,254315,377.102,441,7,69,459,25.461,14.792,36.531,72.736,65,"Dados de Laplace","https://dgspasturias.shinyapps.io/panel_de_indicadores_asturias/",NA
"2020-10-29","Asturias, Principado de","Asturias",441,11795,441,0,11795,0,259190,400.665,451,10,74,499,27.306,16.112,36.531,71.456,49,"Dados de Laplace","https://dgspasturias.shinyapps.io/panel_de_indicadores_asturias/",NA
"2020-10-30","Asturias, Principado de","Asturias",418,12213,418,0,12213,0,264125,421.197,458,7,82,509,30.258,16.393,39.483,65.668,74,"Dados de Laplace","https://dgspasturias.shinyapps.io/panel_de_indicadores_asturias/",NA
"2020-10-31","Asturias, Principado de","Asturias",289,12502,289,0,12502,0,268611,422.174,467,9,92,534,32.857,17.226,39.286,66.419,27,"Dados de Laplace","https://dgspasturias.shinyapps.io/panel_de_indicadores_asturias/",NA
"2020-11-01","Asturias, Principado de","Asturias",194,12696,194,0,12696,0,271709,416.21,481,14,99,572,35.357,18.452,41.071,67.774,20,"Dados de Laplace","https://dgspasturias.shinyapps.io/panel_de_indicadores_asturias/",NA
"2020-11-02","Asturias, Principado de","Asturias",245,12941,245,0,12941,0,274854,419.632,498,17,107,647,38.351,20.918,45.52,72.098,22,"Dados de Laplace","https://dgspasturias.shinyapps.io/panel_de_indicadores_asturias/",NA
"2020-11-03","Asturias, Principado de","Asturias",289,13230,289,0,13230,0,279042,429.801,506,8,108,690,38.71,22.272,46.237,72.95,53,"Dados de Laplace","https://dgspasturias.shinyapps.io/panel_de_indicadores_asturias/",NA
"2020-11-04","Asturias, Principado de","Asturias",436,13666,436,0,13666,0,283534,446.031,531,25,115,661,41.219,21.412,48.029,72.465,106,"Dados de Laplace","https://dgspasturias.shinyapps.io/panel_de_indicadores_asturias/",NA
"2020-11-05","Asturias, Principado de","Asturias",584,14250,584,0,14250,0,289139,471.744,547,16,111,680,39.785,21.795,48.387,71.346,78,"Dados de Laplace","https://dgspasturias.shinyapps.io/panel_de_indicadores_asturias/",NA
"2020-11-06","Asturias, Principado de","Asturias",558,14808,558,0,14808,0,294934,488.854,570,23,121,685,43.369,21.955,54.48,68.173,108,"Dados de Laplace","https://dgspasturias.shinyapps.io/panel_de_indicadores_asturias/",NA
"2020-11-07","Asturias, Principado de","Asturias",292,15100,292,0,15100,0,299150,487.779,590,20,125,743,44.803,23.799,53.047,70.756,39,"Dados de Laplace","https://dgspasturias.shinyapps.io/panel_de_indicadores_asturias/",NA
"2020-11-08","Asturias, Principado de","Asturias",470,15570,470,0,15570,0,303837,509.582,603,13,129,796,46.237,25.488,55.556,74.191,27,"Dados de Laplace","https://dgspasturias.shinyapps.io/panel_de_indicadores_asturias/",NA
"2020-11-09","Asturias, Principado de","Asturias",295,15865,295,0,15865,0,308245,514.666,622,19,129,795,46.237,25.432,54.48,74.536,95,"Dados de Laplace","https://dgspasturias.shinyapps.io/panel_de_indicadores_asturias/",NA
"2020-11-10","Asturias, Principado de","Asturias",521,16386,521,0,16386,0,314971,531.776,642,20,128,806,44.138,25.751,51.724,75.208,117,"Dados de Laplace","https://dgspasturias.shinyapps.io/panel_de_indicadores_asturias/",NA
"2020-11-11","Asturias, Principado de","Asturias",613,16999,609,4,16995,4,320925,551.916,653,11,133,823,45.862,26.26,54.138,76.101,88,"Dados de Laplace","https://dgspasturias.shinyapps.io/panel_de_indicadores_asturias/",NA
"2020-11-12","Asturias, Principado de","Asturias",675,17674,668,7,17663,11,327001,574.795,670,17,138,843,46.465,26.899,53.872,76.771,85,"Dados de Laplace","https://dgspasturias.shinyapps.io/panel_de_indicadores_asturias/",NA
"2020-11-13","Asturias, Principado de","Asturias",806,18480,791,15,18454,26,333885,612.73,695,25,140,814,46.512,25.94,53.821,72.116,137,"Dados de Laplace","https://dgspasturias.shinyapps.io/panel_de_indicadores_asturias/",NA
"2020-11-14","Asturias, Principado de","Asturias",440,18920,433,7,18887,33,339093,627.493,721,26,140,858,46.512,27.342,55.482,73.901,51,"Dados de Laplace","https://dgspasturias.shinyapps.io/panel_de_indicadores_asturias/",NA
"2020-11-15","Asturias, Principado de","Asturias",244,19164,236,8,19123,41,343514,632.382,748,27,145,893,48.173,28.458,55.482,76.322,46,"Dados de Laplace","https://dgspasturias.shinyapps.io/panel_de_indicadores_asturias/",NA
"2020-11-16","Asturias, Principado de","Asturias",290,19454,272,18,19395,59,348446,636.781,760,12,143,894,47.508,28.499,56.811,77.781,128,"Dados de Laplace","https://dgspasturias.shinyapps.io/panel_de_indicadores_asturias/",NA
"2020-11-17","Asturias, Principado de","Asturias",399,19853,363,36,19758,95,355328,647.536,776,16,143,884,47.508,28.18,55.482,77.973,147,"Dados de Laplace","https://dgspasturias.shinyapps.io/panel_de_indicadores_asturias/",NA
"2020-11-18","Asturias, Principado de","Asturias",458,20311,428,30,20186,125,361378,649.687,794,18,150,868,49.834,27.652,59.136,76.999,106,"Dados de Laplace","https://dgspasturias.shinyapps.io/panel_de_indicadores_asturias/",NA
"2020-11-19","Asturias, Principado de","Asturias",325,20636,295,30,20481,155,367016,624.364,821,27,143,841,47.508,26.775,58.472,76.154,134,"Dados de Laplace","https://dgspasturias.shinyapps.io/panel_de_indicadores_asturias/",NA
"2020-11-20","Asturias, Principado de","Asturias",357,20993,332,25,20813,180,373541,604.713,844,23,143,789,47.508,25.119,57.475,70.423,163,"Dados de Laplace","https://dgspasturias.shinyapps.io/panel_de_indicadores_asturias/",NA
"2020-11-21","Asturias, Principado de","Asturias",322,21315,308,14,21121,194,378757,607.646,867,23,140,824,46.512,26.2,55.814,72.337,65,"Dados de Laplace","https://dgspasturias.shinyapps.io/panel_de_indicadores_asturias/",NA
"2020-11-22","Asturias, Principado de","Asturias",249,21564,238,11,21359,205,382646,586.038,881,14,140,870,46.512,27.663,53.156,75.231,38,"Dados de Laplace","https://dgspasturias.shinyapps.io/panel_de_indicadores_asturias/",NA
"2020-11-23","Asturias, Principado de","Asturias",220,21784,199,21,21558,226,387313,578.706,911,30,144,846,42.985,26.866,49.552,73.611,109,"Dados de Laplace","https://dgspasturias.shinyapps.io/panel_de_indicadores_asturias/",NA
"2020-11-24","Asturias, Principado de","Asturias",400,22184,375,25,21933,251,394021,566.875,936,25,145,800,43.284,25.429,52.836,71.774,140,"Dados de Laplace","https://dgspasturias.shinyapps.io/panel_de_indicadores_asturias/",NA
"2020-11-25","Asturias, Principado de","Asturias",262,22446,239,23,22172,274,399524,532.558,960,24,144,753,42.229,23.935,51.613,70.788,146,"Dados de Laplace","https://dgspasturias.shinyapps.io/panel_de_indicadores_asturias/",NA
"2020-11-26","Asturias, Principado de","Asturias",288,22734,277,11,22449,285,406083,494.72,986,26,136,737,39.883,23.427,47.801,69.231,139,"Dados de Laplace","https://dgspasturias.shinyapps.io/panel_de_indicadores_asturias/",NA
"2020-11-27","Asturias, Principado de","Asturias",266,23000,235,31,22684,316,411471,441.924,1013,27,132,702,38.71,22.385,47.801,65.561,114,"Dados de Laplace","https://dgspasturias.shinyapps.io/panel_de_indicadores_asturias/",NA
"2020-11-28","Asturias, Principado de","Asturias",144,23144,137,7,22821,323,416501,412.984,1023,10,133,732,39.003,23.342,46.921,66.996,25,"Dados de Laplace","https://dgspasturias.shinyapps.io/panel_de_indicadores_asturias/",NA
"2020-11-29","Asturias, Principado de","Asturias",185,23329,181,4,23002,327,420512,407.215,1044,21,130,750,38.123,23.916,46.041,69.898,35,"Dados de Laplace","https://dgspasturias.shinyapps.io/panel_de_indicadores_asturias/",NA
"2020-11-30","Asturias, Principado de","Asturias",155,23484,136,19,23138,346,425376,394.016,1061,17,131,707,38.416,22.581,47.214,70.297,83,"Dados de Laplace","https://dgspasturias.shinyapps.io/panel_de_indicadores_asturias/",NA
"2020-12-01","Asturias, Principado de","Asturias",245,23729,225,20,23363,366,431467,378.96,1077,16,134,695,39.296,22.197,49.853,70.393,89,"Dados de Laplace","https://dgspasturias.shinyapps.io/panel_de_indicadores_asturias/",NA
"2020-12-02","Asturias, Principado de","Asturias",229,23958,214,15,23577,381,436951,356.57,1097,20,133,634,39.003,20.249,51.026,69.115,98,"Dados de Laplace","https://dgspasturias.shinyapps.io/panel_de_indicadores_asturias/",NA
"2020-12-03","Asturias, Principado de","Asturias",233,24191,216,17,23793,398,442271,347.575,1116,19,129,669,37.83,21.326,47.801,69.398,90,"Dados de Laplace","https://dgspasturias.shinyapps.io/panel_de_indicadores_asturias/",NA
"2020-12-04","Asturias, Principado de","Asturias",199,24390,178,21,23971,419,447000,332.127,1135,19,124,600,36.471,19.042,47.647,62.805,138,"Dados de Laplace","https://dgspasturias.shinyapps.io/panel_de_indicadores_asturias/",NA
"2020-12-05","Asturias, Principado de","Asturias",230,24620,222,8,24193,427,451480,323.133,1151,16,122,604,35.882,19.291,47.059,62.696,32,"Dados de Laplace","https://dgspasturias.shinyapps.io/panel_de_indicadores_asturias/",NA
"2020-12-06","Asturias, Principado de","Asturias",117,24737,112,5,24305,432,453941,310.227,1158,7,127,604,37.353,19.15,49.412,63.412,34,"Dados de Laplace","https://dgspasturias.shinyapps.io/panel_de_indicadores_asturias/",NA
"2020-12-07","Asturias, Principado de","Asturias",101,24838,97,4,24402,436,456635,298.592,1175,17,128,597,37.647,18.922,50,65.357,33,"Dados de Laplace","https://dgspasturias.shinyapps.io/panel_de_indicadores_asturias/",NA
"2020-12-08","Asturias, Principado de","Asturias",108,24946,104,4,24506,440,459354,270.043,1187,12,129,588,37.941,18.637,48.824,69.572,33,"Dados de Laplace","https://dgspasturias.shinyapps.io/panel_de_indicadores_asturias/",NA
"2020-12-09","Asturias, Principado de","Asturias",130,25076,121,9,24627,449,462443,257.137,1204,17,123,575,36.176,18.225,49.412,71.791,79,"Dados de Laplace","https://dgspasturias.shinyapps.io/panel_de_indicadores_asturias/",NA
"2020-12-10","Asturias, Principado de","Asturias",130,25206,126,4,24753,453,467586,241.689,1219,15,117,549,34.412,17.401,45.882,72.647,92,"Dados de Laplace","https://dgspasturias.shinyapps.io/panel_de_indicadores_asturias/",NA
"2020-12-11","Asturias, Principado de","Asturias",177,25383,166,11,24919,464,472797,232.988,1235,16,117,474,34.412,15.033,46.765,65.461,104,"Dados de Laplace","https://dgspasturias.shinyapps.io/panel_de_indicadores_asturias/",NA
"2020-12-12","Asturias, Principado de","Asturias",96,25479,95,1,25014,465,476310,228.295,1245,10,112,465,32.941,14.748,47.941,66.127,26,"Dados de Laplace","https://dgspasturias.shinyapps.io/panel_de_indicadores_asturias/",NA
"2020-12-13","Asturias, Principado de","Asturias",143,25622,133,10,25147,475,479576,224.189,1249,4,110,483,32.353,15.299,44.412,69.433,13,"Dados de Laplace","https://dgspasturias.shinyapps.io/panel_de_indicadores_asturias/",NA
"2020-12-14","Asturias, Principado de","Asturias",125,25747,113,12,25260,487,483063,221.255,1262,13,99,480,29.118,15.204,51.176,70.763,55,"Dados de Laplace","https://dgspasturias.shinyapps.io/panel_de_indicadores_asturias/",NA
"2020-12-15","Asturias, Principado de","Asturias",117,25864,113,4,25373,491,487403,208.741,1270,8,92,444,27.545,14.064,41.617,69.591,72,"Dados de Laplace","https://dgspasturias.shinyapps.io/panel_de_indicadores_asturias/",NA
"2020-12-16","Asturias, Principado de","Asturias",96,25960,89,7,25462,498,490754,195.737,1280,10,83,409,24.85,12.951,39.222,68.841,68,"Dados de Laplace","https://dgspasturias.shinyapps.io/panel_de_indicadores_asturias/",NA
"2020-12-17","Asturias, Principado de","Asturias",92,26052,88,4,25550,502,495077,181.952,1292,12,81,370,24.251,11.716,39.82,66.213,64,"Dados de Laplace","https://dgspasturias.shinyapps.io/panel_de_indicadores_asturias/",NA
"2020-12-18","Asturias, Principado de","Asturias",97,26149,89,8,25639,510,499040,171.979,1300,8,78,316,23.353,10.006,37.725,60.038,62,"Dados de Laplace","https://dgspasturias.shinyapps.io/panel_de_indicadores_asturias/",NA
"2020-12-19","Asturias, Principado de","Asturias",61,26210,57,4,25696,514,501853,155.456,1304,4,79,316,24.534,10.08,39.752,61.244,9,"Dados de Laplace","https://dgspasturias.shinyapps.io/panel_de_indicadores_asturias/",NA
"2020-12-20","Asturias, Principado de","Asturias",72,26282,72,0,25768,514,504289,151.056,1313,9,79,327,24.534,10.437,36.646,64.411,13,"Dados de Laplace","https://dgspasturias.shinyapps.io/panel_de_indicadores_asturias/",NA
"2020-12-21","Asturias, Principado de","Asturias",77,26359,66,11,25834,525,508378,148.709,1317,4,77,308,23.913,9.815,38.199,63.862,41,"Dados de Laplace","https://dgspasturias.shinyapps.io/panel_de_indicadores_asturias/",NA
"2020-12-22","Asturias, Principado de","Asturias",99,26458,94,5,25928,530,513505,147.829,1325,8,69,271,21.429,8.636,35.093,60.198,42,"Dados de Laplace","https://dgspasturias.shinyapps.io/panel_de_indicadores_asturias/",NA
"2020-12-23","Asturias, Principado de","Asturias",96,26554,89,7,26017,537,518608,144.505,1329,4,68,215,21.118,6.851,35.093,52.326,56,"Dados de Laplace","https://dgspasturias.shinyapps.io/panel_de_indicadores_asturias/",NA
"2020-12-24","Asturias, Principado de","Asturias",60,26614,56,4,26073,541,522861,137.661,1335,6,66,211,20.497,6.724,33.851,49.681,17,"Dados de Laplace","https://dgspasturias.shinyapps.io/panel_de_indicadores_asturias/",NA
"2020-12-25","Asturias, Principado de","Asturias",56,26670,56,0,26129,541,525635,125.831,1342,7,64,210,19.876,6.692,33.54,51.625,16,"Dados de Laplace","https://dgspasturias.shinyapps.io/panel_de_indicadores_asturias/",NA
"2020-12-26","Asturias, Principado de","Asturias",57,26727,53,4,26182,545,527192,122.018,1348,6,65,212,20.186,6.756,33.23,54.175,19,"Dados de Laplace","https://dgspasturias.shinyapps.io/panel_de_indicadores_asturias/",NA
"2020-12-27","Asturias, Principado de","Asturias",82,26809,74,8,26256,553,529057,116.054,1351,3,65,229,20.186,7.281,33.54,58.315,6,"Dados de Laplace","https://dgspasturias.shinyapps.io/panel_de_indicadores_asturias/",NA
"2020-12-28","Asturias, Principado de","Asturias",73,26882,56,17,26312,570,532232,110.97,1357,6,63,224,19.565,7.145,33.23,59.362,20,"Dados de Laplace","https://dgspasturias.shinyapps.io/panel_de_indicadores_asturias/",NA
"2020-12-29","Asturias, Principado de","Asturias",144,27026,127,17,26439,587,535507,113.61,1360,3,64,205,19.876,6.537,33.54,59.12,21,"Dados de Laplace","https://dgspasturias.shinyapps.io/panel_de_indicadores_asturias/",NA
"2020-12-30","Asturias, Principado de","Asturias",125,27151,105,20,26544,607,538297,116.445,1365,5,63,178,19.565,5.676,33.54,52.487,39,"Dados de Laplace","https://dgspasturias.shinyapps.io/panel_de_indicadores_asturias/",NA
"2020-12-31","Asturias, Principado de","Asturias",109,27260,95,14,26639,621,540273,118.107,1370,5,61,172,18.944,5.485,31.056,52.073,14,"Dados de Laplace","https://dgspasturias.shinyapps.io/panel_de_indicadores_asturias/",NA
"2021-01-01","Asturias, Principado de","Asturias",79,27339,76,3,26715,624,541543,116.347,1376,6,60,172,18.634,5.485,30.435,53.795,12,"Dados de Laplace","https://dgspasturias.shinyapps.io/panel_de_indicadores_asturias/",NA
"2021-01-02","Asturias, Principado de","Asturias",62,27401,53,9,26768,633,543295,116.445,1379,3,59,175,18.323,5.58,30.745,56.92,7,"Dados de Laplace","https://dgspasturias.shinyapps.io/panel_de_indicadores_asturias/",NA
"2021-01-03","Asturias, Principado de","Asturias",130,27531,125,5,26893,638,545514,122.116,1383,4,62,188,19.255,5.995,31.056,60.523,3,"Dados de Laplace","https://dgspasturias.shinyapps.io/panel_de_indicadores_asturias/",NA
"2021-01-04","Asturias, Principado de","Asturias",137,27668,127,10,27020,648,548580,127.982,1386,3,62,181,19.255,5.761,31.366,62.412,18,"Dados de Laplace","https://dgspasturias.shinyapps.io/panel_de_indicadores_asturias/",NA
"2021-01-05","Asturias, Principado de","Asturias",168,27836,146,22,27166,670,552589,134.728,1388,2,63,176,19.565,5.594,31.366,59.663,24,"Dados de Laplace","https://dgspasturias.shinyapps.io/panel_de_indicadores_asturias/",NA
"2021-01-06","Asturias, Principado de","Asturias",178,28014,175,3,27341,673,555063,142.745,1395,7,62,191,19.255,6.071,31.366,63.318,11,"Dados de Laplace","https://dgspasturias.shinyapps.io/panel_de_indicadores_asturias/",NA
"2021-01-07","Asturias, Principado de","Asturias",149,28163,140,9,27481,682,558203,151.447,1397,2,60,180,18.634,5.718,30.745,63.85,28,"Dados de Laplace","https://dgspasturias.shinyapps.io/panel_de_indicadores_asturias/",NA
"2021-01-08","Asturias, Principado de","Asturias",198,28361,175,23,27656,705,561452,165.33,1400,3,60,175,18.634,5.554,31.677,60.87,30,"Dados de Laplace","https://dgspasturias.shinyapps.io/panel_de_indicadores_asturias/",NA
"2021-01-09","Asturias, Principado de","Asturias",156,28517,149,7,27805,712,564056,175.01,1406,6,59,191,18.323,6.031,31.366,61.32,7,"Dados de Laplace","https://dgspasturias.shinyapps.io/panel_de_indicadores_asturias/",NA
"2021-01-10","Asturias, Principado de","Asturias",190,28707,175,15,27980,727,567127,185.569,1408,2,57,214,17.702,6.753,29.814,65.005,5,"Dados de Laplace","https://dgspasturias.shinyapps.io/panel_de_indicadores_asturias/",NA
"2021-01-11","Asturias, Principado de","Asturias",260,28967,217,43,28197,770,571082,203.852,1415,7,53,236,16.46,7.241,28.261,64.867,27,"Dados de Laplace","https://dgspasturias.shinyapps.io/panel_de_indicadores_asturias/",NA
"2021-01-12","Asturias, Principado de","Asturias",321,29288,301,20,28498,790,575510,221.158,1416,1,54,242,16.77,7.632,30.745,69.694,26,"Dados de Laplace","https://dgspasturias.shinyapps.io/panel_de_indicadores_asturias/",NA
"2021-01-13","Asturias, Principado de","Asturias",276,29564,261,15,28759,805,579201,235.921,1417,1,55,249,17.081,7.862,32.298,71.55,26,"Dados de Laplace","https://dgspasturias.shinyapps.io/panel_de_indicadores_asturias/",NA
"2021-01-14","Asturias, Principado de","Asturias",329,29893,296,33,29055,838,583665,257.431,1421,4,57,241,17.702,7.607,35.093,70.928,38,"Dados de Laplace","https://dgspasturias.shinyapps.io/panel_de_indicadores_asturias/",NA
"2021-01-15","Asturias, Principado de","Asturias",360,30253,330,30,29385,868,587757,284.904,1424,3,62,224,19.255,7.071,33.23,65.783,46,"Dados de Laplace","https://dgspasturias.shinyapps.io/panel_de_indicadores_asturias/",NA
"2021-01-16","Asturias, Principado de","Asturias",259,30512,244,15,29629,883,590462,304.165,1431,7,62,247,19.255,7.794,31.988,67.561,15,"Dados de Laplace","https://dgspasturias.shinyapps.io/panel_de_indicadores_asturias/",NA
"2021-01-17","Asturias, Principado de","Asturias",279,30791,253,26,29882,909,593881,318.733,1438,7,65,273,20.186,8.615,33.851,71.379,6,"Dados de Laplace","https://dgspasturias.shinyapps.io/panel_de_indicadores_asturias/",NA
"2021-01-18","Asturias, Principado de","Asturias",274,31065,236,38,30118,947,598518,332.127,1449,11,61,305,18.944,9.624,32.609,73.872,31,"Dados de Laplace","https://dgspasturias.shinyapps.io/panel_de_indicadores_asturias/",NA
"2021-01-19","Asturias, Principado de","Asturias",373,31438,310,63,30428,1010,603284,352.171,1457,8,54,329,16.77,10.395,31.677,75.513,42,"Dados de Laplace","https://dgspasturias.shinyapps.io/panel_de_indicadores_asturias/",NA
"2021-01-20","Asturias, Principado de","Asturias",437,31875,371,66,30799,1076,608371,377.493,1466,9,63,340,19.565,10.742,34.161,74.945,33,"Dados de Laplace","https://dgspasturias.shinyapps.io/panel_de_indicadores_asturias/",NA
"2021-01-21","Asturias, Principado de","Asturias",509,32384,456,53,31255,1129,613778,412.691,1478,12,60,365,18.576,11.525,33.746,75.371,37,"Dados de Laplace","https://dgspasturias.shinyapps.io/panel_de_indicadores_asturias/",NA
"2021-01-22","Asturias, Principado de","Asturias",520,32904,440,80,31695,1209,619276,444.173,1489,11,64,372,19.814,11.746,34.365,70.035,56,"Dados de Laplace","https://dgspasturias.shinyapps.io/panel_de_indicadores_asturias/",NA
"2021-01-23","Asturias, Principado de","Asturias",354,33258,313,41,32008,1250,622601,463.531,1498,9,68,412,21.053,12.997,33.746,71.293,19,"Dados de Laplace","https://dgspasturias.shinyapps.io/panel_de_indicadores_asturias/",NA
"2021-01-24","Asturias, Principado de","Asturias",507,33765,471,36,32479,1286,627312,494.525,1507,9,70,443,21.672,13.97,33.127,72.627,13,"Dados de Laplace","https://dgspasturias.shinyapps.io/panel_de_indicadores_asturias/",NA
"2021-01-25","Asturias, Principado de","Asturias",429,34194,382,47,32861,1333,632665,511.048,1512,5,74,452,22.91,14.254,33.746,77.073,64,"Dados de Laplace","https://dgspasturias.shinyapps.io/panel_de_indicadores_asturias/",NA
"2021-01-26","Asturias, Principado de","Asturias",610,34804,549,61,33410,1394,638830,539.304,1516,4,81,476,25.077,15.021,37.152,77.375,61,"Dados de Laplace","https://dgspasturias.shinyapps.io/panel_de_indicadores_asturias/",NA
"2021-01-27","Asturias, Principado de","Asturias",578,35382,521,57,33931,1451,644662,568.831,1529,13,85,492,26.316,15.486,39.009,75.449,76,"Dados de Laplace","https://dgspasturias.shinyapps.io/panel_de_indicadores_asturias/",NA
"2021-01-28","Asturias, Principado de","Asturias",579,35961,571,8,34502,1459,650892,593.273,1546,17,91,481,28.173,15.178,42.724,73.777,72,"Dados de Laplace","https://dgspasturias.shinyapps.io/panel_de_indicadores_asturias/",NA
"2021-01-29","Asturias, Principado de","Asturias",534,36495,480,54,34982,1513,657030,610.285,1557,11,92,497,28.483,15.688,40.557,69.223,84,"Dados de Laplace","https://dgspasturias.shinyapps.io/panel_de_indicadores_asturias/",NA
"2021-01-30","Asturias, Principado de","Asturias",378,36873,347,31,35329,1544,661797,621.92,1567,10,94,550,29.102,17.372,39.628,71.099,29,"Dados de Laplace","https://dgspasturias.shinyapps.io/panel_de_indicadores_asturias/",NA
"2021-01-31","Asturias, Principado de","Asturias",334,37207,307,27,35636,1571,665587,627.298,1571,4,100,583,30.395,18.391,41.033,75.237,14,"Dados de Laplace","https://dgspasturias.shinyapps.io/panel_de_indicadores_asturias/",NA
"2021-02-01","Asturias, Principado de","Asturias",478,37685,423,55,36059,1626,671083,647.243,1584,13,102,574,31.003,18.136,42.857,75.166,80,"Dados de Laplace","https://dgspasturias.shinyapps.io/panel_de_indicadores_asturias/",NA
"2021-02-02","Asturias, Principado de","Asturias",453,38138,417,36,36476,1662,677549,655.065,1599,15,109,584,32.733,18.475,46.547,76.242,82,"Dados de Laplace","https://dgspasturias.shinyapps.io/panel_de_indicadores_asturias/",NA
"2021-02-03","Asturias, Principado de","Asturias",396,38534,348,48,36824,1710,682819,651.056,1610,11,117,565,35.135,17.852,47.447,75.45,96,"Dados de Laplace","https://dgspasturias.shinyapps.io/panel_de_indicadores_asturias/",NA
"2021-02-04","Asturias, Principado de","Asturias",428,38962,386,42,37210,1752,689038,643.136,1621,11,125,531,37.538,16.777,48.949,76.019,97,"Dados de Laplace","https://dgspasturias.shinyapps.io/panel_de_indicadores_asturias/",NA
"2021-02-05","Asturias, Principado de","Asturias",416,39378,378,38,37588,1790,694676,632.968,1630,9,116,539,34.835,17.03,46.847,69.605,92,"Dados de Laplace","https://dgspasturias.shinyapps.io/panel_de_indicadores_asturias/",NA
"2021-02-06","Asturias, Principado de","Asturias",261,39639,243,18,37831,1808,699537,623.876,1634,4,122,572,36.637,18.073,47.447,71.627,30,"Dados de Laplace","https://dgspasturias.shinyapps.io/panel_de_indicadores_asturias/",NA
"2021-02-07","Asturias, Principado de","Asturias",255,39894,247,8,38078,1816,703468,599.237,1640,6,122,606,36.637,19.147,49.55,75.355,30,"Dados de Laplace","https://dgspasturias.shinyapps.io/panel_de_indicadores_asturias/",NA
"2021-02-08","Asturias, Principado de","Asturias",237,40131,200,37,38278,1853,708681,580.465,1646,6,122,581,36.637,18.357,52.252,76.209,109,"Dados de Laplace","https://dgspasturias.shinyapps.io/panel_de_indicadores_asturias/",NA
"2021-02-09","Asturias, Principado de","Asturias",280,40411,250,30,38528,1883,714410,548.201,1656,10,123,572,36.937,18.073,51.952,76.619,82,"Dados de Laplace","https://dgspasturias.shinyapps.io/panel_de_indicadores_asturias/",NA
"2021-02-10","Asturias, Principado de","Asturias",265,40676,243,22,38771,1905,719516,517.599,1668,12,125,573,37.538,18.104,52.252,76.398,80,"Dados de Laplace","https://dgspasturias.shinyapps.io/panel_de_indicadores_asturias/",NA
"2021-02-11","Asturias, Principado de","Asturias",251,40927,223,28,38994,1933,725393,485.53,1681,13,125,526,37.538,16.619,51.051,73.333,93,"Dados de Laplace","https://dgspasturias.shinyapps.io/panel_de_indicadores_asturias/",NA
"2021-02-12","Asturias, Principado de","Asturias",222,41149,200,22,39194,1955,729981,455.025,1692,11,127,511,38.138,16.176,51.652,68.598,85,"Dados de Laplace","https://dgspasturias.shinyapps.io/panel_de_indicadores_asturias/",NA
"2021-02-13","Asturias, Principado de","Asturias",190,41339,181,9,39375,1964,733366,436.645,1700,8,129,520,38.739,16.461,51.351,69.611,21,"Dados de Laplace","https://dgspasturias.shinyapps.io/panel_de_indicadores_asturias/",NA
"2021-02-14","Asturias, Principado de","Asturias",142,41481,130,12,39505,1976,736289,417.873,1705,5,131,537,39.339,16.999,52.853,72.365,18,"Dados de Laplace","https://dgspasturias.shinyapps.io/panel_de_indicadores_asturias/",NA
"2021-02-15","Asturias, Principado de","Asturias",133,41614,119,14,39624,1990,740615,384.142,1713,8,132,493,39.64,15.601,52.252,72.437,78,"Dados de Laplace","https://dgspasturias.shinyapps.io/panel_de_indicadores_asturias/",NA
"2021-02-16","Asturias, Principado de","Asturias",168,41782,151,17,39775,2007,745110,356.277,1721,8,130,459,39.039,14.525,51.051,72.943,70,"Dados de Laplace","https://dgspasturias.shinyapps.io/panel_de_indicadores_asturias/",NA
"2021-02-17","Asturias, Principado de","Asturias",190,41972,175,15,39950,2022,749239,336.136,1723,2,128,445,38.438,14.082,49.55,72.089,71,"Dados de Laplace","https://dgspasturias.shinyapps.io/panel_de_indicadores_asturias/",NA
"2021-02-18","Asturias, Principado de","Asturias",189,42161,169,20,40119,2042,753091,312.769,1731,8,127,412,38.138,13.038,49.85,71.551,58,"Dados de Laplace","https://dgspasturias.shinyapps.io/panel_de_indicadores_asturias/",NA
"2021-02-19","Asturias, Principado de","Asturias",162,42323,142,20,40261,2062,756212,287.935,1738,7,123,367,36.937,11.599,47.748,64.791,96,"Dados de Laplace","https://dgspasturias.shinyapps.io/panel_de_indicadores_asturias/",NA
"2021-02-20","Asturias, Principado de","Asturias",144,42467,126,18,40387,2080,758709,276.496,1750,12,121,391,36.336,12.358,48.048,64.507,28,"Dados de Laplace","https://dgspasturias.shinyapps.io/panel_de_indicadores_asturias/",NA
"2021-02-21","Asturias, Principado de","Asturias",110,42577,104,6,40491,2086,761699,262.319,1758,8,124,388,37.237,12.263,48.949,69.058,13,"Dados de Laplace","https://dgspasturias.shinyapps.io/panel_de_indicadores_asturias/",NA
"2021-02-22","Asturias, Principado de","Asturias",121,42698,105,16,40596,2102,765856,250.978,1765,7,124,360,37.237,11.378,50.751,69.975,69,"Dados de Laplace","https://dgspasturias.shinyapps.io/panel_de_indicadores_asturias/",NA
"2021-02-23","Asturias, Principado de","Asturias",158,42856,140,18,40736,2120,769820,239.05,1769,4,117,346,35.135,10.936,49.249,70.575,48,"Dados de Laplace","https://dgspasturias.shinyapps.io/panel_de_indicadores_asturias/",NA
"2021-02-24","Asturias, Principado de","Asturias",141,42997,129,12,40865,2132,773843,226.926,1777,8,112,331,33.634,10.465,47.748,70.471,56,"Dados de Laplace","https://dgspasturias.shinyapps.io/panel_de_indicadores_asturias/",NA
"2021-02-25","Asturias, Principado de","Asturias",149,43146,132,17,40997,2149,776888,216.953,1788,11,114,302,34.234,9.548,48.949,68.606,51,"Dados de Laplace","https://dgspasturias.shinyapps.io/panel_de_indicadores_asturias/",NA
"2021-02-26","Asturias, Principado de","Asturias",162,43308,152,10,41149,2159,780033,211.087,1793,5,111,282,33.333,8.904,47.147,63.783,62,"Dados de Laplace","https://dgspasturias.shinyapps.io/panel_de_indicadores_asturias/",NA
"2021-02-27","Asturias, Principado de","Asturias",103,43411,93,10,41242,2169,782239,202.581,1800,7,110,290,33.033,9.157,46.246,65.077,14,"Dados de Laplace","https://dgspasturias.shinyapps.io/panel_de_indicadores_asturias/",NA
"2021-02-28","Asturias, Principado de","Asturias",101,43512,95,6,41337,2175,784677,198.573,1809,9,111,292,33.333,9.232,45.345,65.002,11,"Dados de Laplace","https://dgspasturias.shinyapps.io/panel_de_indicadores_asturias/",NA
"2021-03-01","Asturias, Principado de","Asturias",163,43675,137,26,41474,2201,788396,201.506,1814,5,110,279,33.033,8.815,46.246,69.258,48,"Dados de Laplace","https://dgspasturias.shinyapps.io/panel_de_indicadores_asturias/",NA
"2021-03-02","Asturias, Principado de","Asturias",147,43822,136,11,41610,2212,792534,199.452,1819,5,108,278,32.432,8.767,48.048,69.316,37,"Dados de Laplace","https://dgspasturias.shinyapps.io/panel_de_indicadores_asturias/",NA
"2021-03-03","Asturias, Principado de","Asturias",135,43957,119,16,41729,2228,796290,194.075,1826,7,103,274,30.931,8.641,45.646,67.613,42,"Dados de Laplace","https://dgspasturias.shinyapps.io/panel_de_indicadores_asturias/",NA
"2021-03-04","Asturias, Principado de","Asturias",160,44117,139,21,41868,2249,799820,191.24,1829,3,105,269,31.532,8.488,47.748,68.413,29,"Dados de Laplace","https://dgspasturias.shinyapps.io/panel_de_indicadores_asturias/",NA
"2021-03-05","Asturias, Principado de","Asturias",142,44259,132,10,42000,2259,803454,189.284,1835,6,103,244,30.931,7.7,46.547,64.153,41,"Dados de Laplace","https://dgspasturias.shinyapps.io/panel_de_indicadores_asturias/",NA
"2021-03-06","Asturias, Principado de","Asturias",135,44394,115,20,42115,2279,805912,188.404,1838,3,106,271,31.832,8.935,46.547,65.018,4,"Dados de Laplace","https://dgspasturias.shinyapps.io/panel_de_indicadores_asturias/",NA
"2021-03-07","Asturias, Principado de","Asturias",126,44520,118,8,42233,2287,808496,189.969,1838,0,106,278,31.832,8.764,47.447,67.875,2,"Dados de Laplace","https://dgspasturias.shinyapps.io/panel_de_indicadores_asturias/",NA
"2021-03-08","Asturias, Principado de","Asturias",102,44622,94,8,42327,2295,812368,188.111,1841,3,103,257,30.931,8.102,46.847,67.465,43,"Dados de Laplace","https://dgspasturias.shinyapps.io/panel_de_indicadores_asturias/",NA
"2021-03-09","Asturias, Principado de","Asturias",104,44726,88,16,42415,2311,816479,182.831,1842,1,103,234,30.931,7.377,46.246,68.884,45,"Dados de Laplace","https://dgspasturias.shinyapps.io/panel_de_indicadores_asturias/",NA
"2021-03-10","Asturias, Principado de","Asturias",100,44826,94,6,42509,2317,820470,178.823,1847,5,102,238,30.631,7.487,46.547,67.946,28,"Dados de Laplace","https://dgspasturias.shinyapps.io/panel_de_indicadores_asturias/",NA
"2021-03-11","Asturias, Principado de","Asturias",142,44968,129,13,42638,2330,823788,178.138,1849,2,104,224,31.231,7.057,45.946,69.061,38,"Dados de Laplace","https://dgspasturias.shinyapps.io/panel_de_indicadores_asturias/",NA
"2021-03-12","Asturias, Principado de","Asturias",160,45128,143,17,42781,2347,826636,177.943,1851,2,93,203,27.928,6.4,40.541,63.808,47,"Dados de Laplace","https://dgspasturias.shinyapps.io/panel_de_indicadores_asturias/",NA
"2021-03-13","Asturias, Principado de","Asturias",96,45224,90,6,42871,2353,828881,177.259,1854,3,93,205,27.928,6.463,40.24,64.47,5,"Dados de Laplace","https://dgspasturias.shinyapps.io/panel_de_indicadores_asturias/",NA
"2021-03-14","Asturias, Principado de","Asturias",102,45326,102,0,42973,2353,830870,177.356,1857,3,89,221,26.727,6.967,40.24,67.434,9,"Dados de Laplace","https://dgspasturias.shinyapps.io/panel_de_indicadores_asturias/",NA
"2021-03-15","Asturias, Principado de","Asturias",111,45437,100,11,43073,2364,833930,172.272,1859,2,91,218,27.327,6.883,41.441,69.056,29,"Dados de Laplace","https://dgspasturias.shinyapps.io/panel_de_indicadores_asturias/",NA
"2021-03-16","Asturias, Principado de","Asturias",146,45583,142,4,43215,2368,837818,172.174,1863,4,87,211,26.126,6.658,41.742,69.738,20,"Dados de Laplace","https://dgspasturias.shinyapps.io/panel_de_indicadores_asturias/",NA
"2021-03-17","Asturias, Principado de","Asturias",131,45714,118,13,43333,2381,840843,171.783,1866,3,88,217,26.426,6.848,39.64,69.58,22,"Dados de Laplace","https://dgspasturias.shinyapps.io/panel_de_indicadores_asturias/",NA
"2021-03-18","Asturias, Principado de","Asturias",135,45849,120,15,43453,2396,843539,169.339,1867,1,88,209,26.426,6.595,41.441,67.971,24,"Dados de Laplace","https://dgspasturias.shinyapps.io/panel_de_indicadores_asturias/",NA
"2021-03-19","Asturias, Principado de","Asturias",142,45991,137,5,43590,2401,846388,169.339,1871,4,83,193,25.857,6.096,41.745,64.435,30,"Dados de Laplace","https://dgspasturias.shinyapps.io/panel_de_indicadores_asturias/",NA
"2021-03-20","Asturias, Principado de","Asturias",65,46056,56,9,43646,2410,848345,162.495,1873,2,82,215,26.032,7.075,42.222,66.173,3,"Dados de Laplace","https://dgspasturias.shinyapps.io/panel_de_indicadores_asturias/",NA
"2021-03-21","Asturias, Principado de","Asturias",61,46117,57,4,43703,2414,850387,156.14,1874,1,81,225,24.847,7.156,41.411,68.48,8,"Dados de Laplace","https://dgspasturias.shinyapps.io/panel_de_indicadores_asturias/",NA
"2021-03-22","Asturias, Principado de","Asturias",117,46234,110,7,43813,2421,853887,157.607,1875,1,74,214,22.699,6.807,38.957,70.388,33,"Dados de Laplace","https://dgspasturias.shinyapps.io/panel_de_indicadores_asturias/",NA
"2021-03-23","Asturias, Principado de","Asturias",125,46359,110,15,43923,2436,857142,159.66,1879,4,73,195,22.393,6.202,38.344,71.024,32,"Dados de Laplace","https://dgspasturias.shinyapps.io/panel_de_indicadores_asturias/",NA
"2021-03-24","Asturias, Principado de","Asturias",112,46471,103,9,44026,2445,860265,160.833,1881,2,77,189,23.62,6.002,41.718,71.61,24,"Dados de Laplace","https://dgspasturias.shinyapps.io/panel_de_indicadores_asturias/",NA
"2021-03-25","Asturias, Principado de","Asturias",167,46638,159,8,44185,2453,863140,163.277,1882,1,75,186,23.006,5.907,39.877,70.435,20,"Dados de Laplace","https://dgspasturias.shinyapps.io/panel_de_indicadores_asturias/",NA
"2021-03-26","Asturias, Principado de","Asturias",114,46752,112,2,44297,2455,866118,158.78,1886,4,72,168,22.086,5.335,36.503,64.401,44,"Dados de Laplace","https://dgspasturias.shinyapps.io/panel_de_indicadores_asturias/",NA
"2021-03-27","Asturias, Principado de","Asturias",90,46842,88,2,44385,2457,868725,158.193,1890,4,70,174,21.472,5.526,36.503,64.719,6,"Dados de Laplace","https://dgspasturias.shinyapps.io/panel_de_indicadores_asturias/",NA
"2021-03-28","Asturias, Principado de","Asturias",111,46953,109,2,44494,2459,871313,159.073,1891,1,70,184,21.472,5.843,38.344,67.641,3,"Dados de Laplace","https://dgspasturias.shinyapps.io/panel_de_indicadores_asturias/",NA
