"date","province","ccaa","new_cases","pcr","TestAc","activos","hospitalized","intensive_care","deceased","cases_accumulated","cases_accumulated_pcr","recovered","source_name","source","comments","muestras_totales","Muestras.PCR","Muestras.TestAc"
2020-02-29,"Asturias","Asturias, Principado de",NA,NA,0,NA,0,1,NA,NA,1,NA,"Asturias - Portal de Transparencia en Datos","https://app.transparenciaendatos.es/v/#!/5eb4344e16b9fc465933d217",NA,0,0,NA
2020-03-01,"Asturias","Asturias, Principado de",NA,0,0,NA,0,1,NA,NA,1,NA,"Asturias - Portal de Transparencia en Datos","https://app.transparenciaendatos.es/v/#!/5eb4344e16b9fc465933d218",NA,0,0,NA
2020-03-02,"Asturias","Asturias, Principado de",NA,0,0,NA,0,1,NA,NA,1,NA,"Asturias - Portal de Transparencia en Datos","https://app.transparenciaendatos.es/v/#!/5eb4344e16b9fc465933d219",NA,0,0,NA
2020-03-03,"Asturias","Asturias, Principado de",NA,1,0,NA,1,1,NA,NA,2,NA,"Asturias - Portal de Transparencia en Datos","https://app.transparenciaendatos.es/v/#!/5eb4344e16b9fc465933d220",NA,0,0,NA
2020-03-04,"Asturias","Asturias, Principado de",NA,1,0,NA,1,1,NA,NA,3,NA,"Asturias - Portal de Transparencia en Datos","https://app.transparenciaendatos.es/v/#!/5eb4344e16b9fc465933d221",NA,0,0,NA
2020-03-05,"Asturias","Asturias, Principado de",NA,1,0,NA,2,1,NA,NA,4,NA,"Asturias - Portal de Transparencia en Datos","https://app.transparenciaendatos.es/v/#!/5eb4344e16b9fc465933d222",NA,0,0,NA
2020-03-06,"Asturias","Asturias, Principado de",NA,2,0,NA,5,1,NA,NA,6,NA,"Asturias - Portal de Transparencia en Datos","https://app.transparenciaendatos.es/v/#!/5eb4344e16b9fc465933d223",NA,0,0,NA
2020-03-07,"Asturias","Asturias, Principado de",NA,1,0,NA,5,1,NA,NA,7,NA,"Asturias - Portal de Transparencia en Datos","https://app.transparenciaendatos.es/v/#!/5eb4344e16b9fc465933d224",NA,0,0,NA
2020-03-08,"Asturias","Asturias, Principado de",NA,2,0,NA,5,1,NA,NA,9,NA,"Asturias - Portal de Transparencia en Datos","https://app.transparenciaendatos.es/v/#!/5eb4344e16b9fc465933d225",NA,0,0,NA
2020-03-09,"Asturias","Asturias, Principado de",NA,2,0,NA,9,2,NA,NA,11,NA,"Asturias - Portal de Transparencia en Datos","https://app.transparenciaendatos.es/v/#!/5eb4344e16b9fc465933d226",NA,0,0,NA
2020-03-10,"Asturias","Asturias, Principado de",NA,21,0,NA,9,2,NA,NA,32,NA,"Asturias - Portal de Transparencia en Datos","https://app.transparenciaendatos.es/v/#!/5eb4344e16b9fc465933d227",NA,0,0,NA
2020-03-11,"Asturias","Asturias, Principado de",NA,4,0,NA,10,2,NA,NA,36,NA,"Asturias - Portal de Transparencia en Datos","https://app.transparenciaendatos.es/v/#!/5eb4344e16b9fc465933d228",NA,0,0,NA
2020-03-12,"Asturias","Asturias, Principado de",NA,4,0,NA,10,1,NA,NA,40,NA,"Asturias - Portal de Transparencia en Datos","https://app.transparenciaendatos.es/v/#!/5eb4344e16b9fc465933d229",NA,0,0,NA
2020-03-13,"Asturias","Asturias, Principado de",NA,33,0,NA,14,1,NA,NA,73,NA,"Asturias - Portal de Transparencia en Datos","https://app.transparenciaendatos.es/v/#!/5eb4344e16b9fc465933d230",NA,0,0,NA
2020-03-14,"Asturias","Asturias, Principado de",NA,34,0,NA,18,1,NA,NA,107,NA,"Asturias - Portal de Transparencia en Datos","https://app.transparenciaendatos.es/v/#!/5eb4344e16b9fc465933d231",NA,0,0,NA
2020-03-15,"Asturias","Asturias, Principado de",NA,42,0,NA,21,2,NA,NA,149,NA,"Asturias - Portal de Transparencia en Datos","https://app.transparenciaendatos.es/v/#!/5eb4344e16b9fc465933d232",NA,0,0,NA
2020-03-16,"Asturias","Asturias, Principado de",NA,44,0,NA,29,4,NA,NA,193,NA,"Asturias - Portal de Transparencia en Datos","https://app.transparenciaendatos.es/v/#!/5eb4344e16b9fc465933d233",NA,0,0,NA
2020-03-17,"Asturias","Asturias, Principado de",NA,49,0,NA,38,4,NA,NA,242,NA,"Asturias - Portal de Transparencia en Datos","https://app.transparenciaendatos.es/v/#!/5eb4344e16b9fc465933d234",NA,0,0,NA
2020-03-18,"Asturias","Asturias, Principado de",NA,50,0,NA,48,5,NA,NA,292,NA,"Asturias - Portal de Transparencia en Datos","https://app.transparenciaendatos.es/v/#!/5eb4344e16b9fc465933d235",NA,0,0,NA
2020-03-19,"Asturias","Asturias, Principado de",NA,52,0,NA,69,6,NA,NA,344,NA,"Asturias - Portal de Transparencia en Datos","https://app.transparenciaendatos.es/v/#!/5eb4344e16b9fc465933d236",NA,0,0,NA
2020-03-20,"Asturias","Asturias, Principado de",NA,142,0,NA,99,12,NA,NA,486,NA,"Asturias - Portal de Transparencia en Datos","https://app.transparenciaendatos.es/v/#!/5eb4344e16b9fc465933d237",NA,0,0,NA
2020-03-21,"Asturias","Asturias, Principado de",NA,59,0,NA,128,15,NA,NA,545,NA,"Asturias - Portal de Transparencia en Datos","https://app.transparenciaendatos.es/v/#!/5eb4344e16b9fc465933d238",NA,0,0,NA
2020-03-22,"Asturias","Asturias, Principado de",NA,49,0,NA,156,20,NA,NA,594,NA,"Asturias - Portal de Transparencia en Datos","https://app.transparenciaendatos.es/v/#!/5eb4344e16b9fc465933d239",NA,0,0,NA
2020-03-23,"Asturias","Asturias, Principado de",NA,68,0,NA,158,23,NA,NA,662,NA,"Asturias - Portal de Transparencia en Datos","https://app.transparenciaendatos.es/v/#!/5eb4344e16b9fc465933d240",NA,0,0,NA
2020-03-24,"Asturias","Asturias, Principado de",NA,117,0,NA,166,29,NA,NA,779,NA,"Asturias - Portal de Transparencia en Datos","https://app.transparenciaendatos.es/v/#!/5eb4344e16b9fc465933d241",NA,6200,6200,NA
2020-03-25,"Asturias","Asturias, Principado de",NA,62,0,NA,200,34,NA,NA,841,NA,"Asturias - Portal de Transparencia en Datos","https://app.transparenciaendatos.es/v/#!/5eb4344e16b9fc465933d242",NA,6900,6900,NA
2020-03-26,"Asturias","Asturias, Principado de",NA,59,0,NA,192,48,NA,NA,900,NA,"Asturias - Portal de Transparencia en Datos","https://app.transparenciaendatos.es/v/#!/5eb4344e16b9fc465933d243",NA,8000,8000,NA
2020-03-27,"Asturias","Asturias, Principado de",NA,104,0,NA,214,51,NA,NA,1004,NA,"Asturias - Portal de Transparencia en Datos","https://app.transparenciaendatos.es/v/#!/5eb4344e16b9fc465933d244",NA,8550,8550,NA
2020-03-28,"Asturias","Asturias, Principado de",NA,84,0,NA,249,57,NA,NA,1088,NA,"Asturias - Portal de Transparencia en Datos","https://app.transparenciaendatos.es/v/#!/5eb4344e16b9fc465933d245",NA,9300,9300,NA
2020-03-29,"Asturias","Asturias, Principado de",NA,70,0,NA,281,57,NA,NA,1158,NA,"Asturias - Portal de Transparencia en Datos","https://app.transparenciaendatos.es/v/#!/5eb4344e16b9fc465933d246",NA,9779,9779,NA
2020-03-30,"Asturias","Asturias, Principado de",NA,78,0,NA,306,61,NA,NA,1236,NA,"Asturias - Portal de Transparencia en Datos","https://app.transparenciaendatos.es/v/#!/5eb4344e16b9fc465933d247",NA,10476,10476,NA
2020-03-31,"Asturias","Asturias, Principado de",NA,86,0,NA,318,72,NA,NA,1322,NA,"Asturias - Portal de Transparencia en Datos","https://app.transparenciaendatos.es/v/#!/5eb4344e16b9fc465933d248",NA,11265,11265,NA
2020-04-01,"Asturias","Asturias, Principado de",NA,62,0,NA,309,76,NA,NA,1384,NA,"Asturias - Portal de Transparencia en Datos","https://app.transparenciaendatos.es/v/#!/5eb4344e16b9fc465933d249",NA,12519,12519,NA
2020-04-02,"Asturias","Asturias, Principado de",NA,49,0,NA,329,82,NA,NA,1433,NA,"Asturias - Portal de Transparencia en Datos","https://app.transparenciaendatos.es/v/#!/5eb4344e16b9fc465933d250",NA,13385,13385,NA
2020-04-03,"Asturias","Asturias, Principado de",NA,89,0,NA,347,81,NA,NA,1522,NA,"Asturias - Portal de Transparencia en Datos","https://app.transparenciaendatos.es/v/#!/5eb4344e16b9fc465933d251",NA,14530,14530,NA
2020-04-04,"Asturias","Asturias, Principado de",NA,83,0,NA,356,83,NA,NA,1605,NA,"Asturias - Portal de Transparencia en Datos","https://app.transparenciaendatos.es/v/#!/5eb4344e16b9fc465933d252",NA,15831,15831,NA
2020-04-05,"Asturias","Asturias, Principado de",NA,41,0,NA,364,76,NA,NA,1646,NA,"Asturias - Portal de Transparencia en Datos","https://app.transparenciaendatos.es/v/#!/5eb4344e16b9fc465933d253",NA,16631,16631,NA
2020-04-06,"Asturias","Asturias, Principado de",NA,33,0,NA,377,74,NA,NA,1679,NA,"Asturias - Portal de Transparencia en Datos","https://app.transparenciaendatos.es/v/#!/5eb4344e16b9fc465933d254",NA,17243,17243,NA
2020-04-07,"Asturias","Asturias, Principado de",NA,26,0,NA,354,70,NA,NA,1705,NA,"Asturias - Portal de Transparencia en Datos","https://app.transparenciaendatos.es/v/#!/5eb4344e16b9fc465933d255",NA,18110,18110,NA
2020-04-08,"Asturias","Asturias, Principado de",NA,32,0,NA,350,65,NA,NA,1737,NA,"Asturias - Portal de Transparencia en Datos","https://app.transparenciaendatos.es/v/#!/5eb4344e16b9fc465933d256",NA,19096,19096,NA
2020-04-09,"Asturias","Asturias, Principado de",NA,62,0,NA,346,65,NA,NA,1799,NA,"Asturias - Portal de Transparencia en Datos","https://app.transparenciaendatos.es/v/#!/5eb4344e16b9fc465933d257",NA,20409,20409,NA
2020-04-10,"Asturias","Asturias, Principado de",NA,28,0,NA,330,62,NA,NA,1827,NA,"Asturias - Portal de Transparencia en Datos","https://app.transparenciaendatos.es/v/#!/5eb4344e16b9fc465933d258",NA,21231,21231,NA
2020-04-11,"Asturias","Asturias, Principado de",NA,65,0,NA,341,61,NA,NA,1892,NA,"Asturias - Portal de Transparencia en Datos","https://app.transparenciaendatos.es/v/#!/5eb4344e16b9fc465933d259",NA,22007,22007,NA
2020-04-12,"Asturias","Asturias, Principado de",NA,45,715,NA,371,61,NA,NA,1937,NA,"Asturias - Portal de Transparencia en Datos","https://app.transparenciaendatos.es/v/#!/5eb4344e16b9fc465933d260",NA,23046,22331,NA
2020-04-13,"Asturias","Asturias, Principado de",NA,73,1353,NA,383,63,NA,NA,2010,NA,"Asturias - Portal de Transparencia en Datos","https://app.transparenciaendatos.es/v/#!/5eb4344e16b9fc465933d261",NA,24356,23003,NA
2020-04-14,"Asturias","Asturias, Principado de",NA,39,1571,NA,371,60,NA,NA,2049,NA,"Asturias - Portal de Transparencia en Datos","https://app.transparenciaendatos.es/v/#!/5eb4344e16b9fc465933d262",NA,25538,23967,NA
2020-04-15,"Asturias","Asturias, Principado de",NA,32,2240,NA,367,61,NA,NA,2081,NA,"Asturias - Portal de Transparencia en Datos","https://app.transparenciaendatos.es/v/#!/5eb4344e16b9fc465933d263",NA,27095,24855,NA
2020-04-16,"Asturias","Asturias, Principado de",NA,43,2971,NA,367,61,NA,NA,2124,NA,"Asturias - Portal de Transparencia en Datos","https://app.transparenciaendatos.es/v/#!/5eb4344e16b9fc465933d264",NA,28595,25624,NA
2020-04-17,"Asturias","Asturias, Principado de",NA,29,3872,NA,349,58,NA,NA,2153,NA,"Asturias - Portal de Transparencia en Datos","https://app.transparenciaendatos.es/v/#!/5eb4344e16b9fc465933d265",NA,30752,26880,NA
2020-04-18,"Asturias","Asturias, Principado de",NA,19,4665,NA,360,56,NA,NA,2172,NA,"Asturias - Portal de Transparencia en Datos","https://app.transparenciaendatos.es/v/#!/5eb4344e16b9fc465933d266",NA,33111,28446,NA
2020-04-19,"Asturias","Asturias, Principado de",NA,9,5264,NA,358,56,NA,NA,2181,NA,"Asturias - Portal de Transparencia en Datos","https://app.transparenciaendatos.es/v/#!/5eb4344e16b9fc465933d267",NA,34525,29261,NA
2020-04-20,"Asturias","Asturias, Principado de",NA,11,5951,NA,353,53,NA,NA,2192,NA,"Asturias - Portal de Transparencia en Datos","https://app.transparenciaendatos.es/v/#!/5eb4344e16b9fc465933d268",NA,37012,31061,NA
2020-04-21,"Asturias","Asturias, Principado de",NA,26,7313,NA,334,56,NA,NA,2218,NA,"Asturias - Portal de Transparencia en Datos","https://app.transparenciaendatos.es/v/#!/5eb4344e16b9fc465933d269",NA,39164,31851,NA
2020-04-22,"Asturias","Asturias, Principado de",NA,11,8400,NA,315,53,NA,NA,2229,NA,"Asturias - Portal de Transparencia en Datos","https://app.transparenciaendatos.es/v/#!/5eb4344e16b9fc465933d270",NA,41696,33296,NA
2020-04-23,"Asturias","Asturias, Principado de",NA,5,9502,NA,290,50,NA,NA,2234,NA,"Asturias - Portal de Transparencia en Datos","https://app.transparenciaendatos.es/v/#!/5eb4344e16b9fc465933d271",NA,43927,34425,NA
2020-04-24,"Asturias","Asturias, Principado de",NA,4,10768,NA,269,48,NA,NA,2238,NA,"Asturias - Portal de Transparencia en Datos","https://app.transparenciaendatos.es/v/#!/5eb4344e16b9fc465933d272",NA,46949,36181,NA
2020-04-25,"Asturias","Asturias, Principado de",NA,11,11571,NA,258,46,NA,NA,2249,NA,"Asturias - Portal de Transparencia en Datos","https://app.transparenciaendatos.es/v/#!/5eb4344e16b9fc465933d273",NA,48902,37331,NA
2020-04-26,"Asturias","Asturias, Principado de",NA,5,12079,NA,251,45,NA,NA,2254,NA,"Asturias - Portal de Transparencia en Datos","https://app.transparenciaendatos.es/v/#!/5eb4344e16b9fc465933d274",NA,50143,38064,NA
2020-04-27,"Asturias","Asturias, Principado de",NA,1,13178,NA,246,43,NA,NA,2255,NA,"Asturias - Portal de Transparencia en Datos","https://app.transparenciaendatos.es/v/#!/5eb4344e16b9fc465933d275",NA,53548,40370,NA
2020-04-28,"Asturias","Asturias, Principado de",NA,11,14483,NA,231,38,NA,NA,2266,NA,"Asturias - Portal de Transparencia en Datos","https://app.transparenciaendatos.es/v/#!/5eb4344e16b9fc465933d276",NA,56510,42027,NA
2020-04-29,"Asturias","Asturias, Principado de",NA,17,15788,NA,213,34,NA,NA,2283,NA,"Asturias - Portal de Transparencia en Datos","https://app.transparenciaendatos.es/v/#!/5eb4344e16b9fc465933d277",NA,59472,43684,NA
2020-04-30,"Asturias","Asturias, Principado de",NA,15,18077,NA,191,36,NA,NA,2298,NA,"Asturias - Portal de Transparencia en Datos","https://app.transparenciaendatos.es/v/#!/5eb4344e16b9fc465933d278",NA,63302,45225,NA
2020-05-01,"Asturias","Asturias, Principado de",NA,5,18808,NA,166,37,NA,NA,2303,NA,"Asturias - Portal de Transparencia en Datos","https://app.transparenciaendatos.es/v/#!/5eb4344e16b9fc465933d279",NA,67213,48405,NA
2020-05-02,"Asturias","Asturias, Principado de",NA,2,19757,NA,166,35,NA,NA,2305,NA,"Asturias - Portal de Transparencia en Datos","https://app.transparenciaendatos.es/v/#!/5eb4344e16b9fc465933d280",NA,69213,49456,NA
2020-05-03,"Asturias","Asturias, Principado de",NA,1,20333,NA,161,35,NA,NA,2306,NA,"Asturias - Portal de Transparencia en Datos","https://app.transparenciaendatos.es/v/#!/5eb4344e16b9fc465933d281",NA,70640,50307,NA
2020-05-04,"Asturias","Asturias, Principado de",NA,2,23794,NA,153,33,NA,NA,2308,NA,"Asturias - Portal de Transparencia en Datos","https://app.transparenciaendatos.es/v/#!/5eb4344e16b9fc465933d282",NA,74830,51036,NA
2020-05-05,"Asturias","Asturias, Principado de",NA,2,25235,NA,141,29,NA,NA,2310,NA,"Asturias - Portal de Transparencia en Datos","https://app.transparenciaendatos.es/v/#!/5eb4344e16b9fc465933d283",NA,78139,52904,NA
2020-05-06,"Asturias","Asturias, Principado de",NA,16,26424,NA,133,30,NA,NA,2326,NA,"Asturias - Portal de Transparencia en Datos","https://app.transparenciaendatos.es/v/#!/5eb4344e16b9fc465933d284",NA,81431,55007,NA
2020-05-07,"Asturias","Asturias, Principado de",NA,10,29224,NA,124,30,NA,NA,2336,NA,"Asturias - Portal de Transparencia en Datos","https://app.transparenciaendatos.es/v/#!/5eb4344e16b9fc465933d285",NA,86070,56846,NA
2020-05-08,"Asturias","Asturias, Principado de",NA,6,31587,NA,96,31,NA,NA,2342,NA,"Asturias - Portal de Transparencia en Datos","https://app.transparenciaendatos.es/v/#!/5eb4344e16b9fc465933d286",NA,90257,58670,NA
2020-05-09,"Asturias","Asturias, Principado de",NA,1,32377,NA,85,30,NA,NA,2343,NA,"Asturias - Portal de Transparencia en Datos","https://app.transparenciaendatos.es/v/#!/5eb4344e16b9fc465933d287",NA,92578,60201,NA
2020-05-10,"Asturias","Asturias, Principado de",NA,3,33082,NA,87,29,NA,NA,2346,NA,"Asturias - Portal de Transparencia en Datos","https://app.transparenciaendatos.es/v/#!/5eb4344e16b9fc465933d288",NA,94478,61396,NA
2020-05-11,"Asturias","Asturias, Principado de",NA,5,34571,NA,87,26,NA,NA,2351,NA,"Asturias - Portal de Transparencia en Datos","https://app.transparenciaendatos.es/v/#!/5eb4344e16b9fc465933d289",NA,98710,64139,NA
2020-05-12,"Asturias","Asturias, Principado de",NA,5,36903,NA,80,25,NA,NA,2356,NA,"Asturias - Portal de Transparencia en Datos","https://app.transparenciaendatos.es/v/#!/5eb4344e16b9fc465933d290",NA,102706,65803,NA
2020-05-13,"Asturias","Asturias, Principado de",NA,0,36903,NA,73,24,NA,NA,2356,NA,"Asturias - Portal de Transparencia en Datos","https://app.transparenciaendatos.es/v/#!/5eb4344e16b9fc465933d291",NA,102706,65803,NA
2020-05-14,"Asturias","Asturias, Principado de",NA,3,38680,NA,61,23,NA,NA,2359,NA,"Asturias - Portal de Transparencia en Datos","https://app.transparenciaendatos.es/v/#!/5eb4344e16b9fc465933d292",NA,110144,71464,NA
2020-05-15,"Asturias","Asturias, Principado de",NA,7,42689,NA,63,22,NA,NA,2366,NA,"Asturias - Portal de Transparencia en Datos","https://app.transparenciaendatos.es/v/#!/5eb4344e16b9fc465933d293",NA,116711,74022,NA
2020-05-16,"Asturias","Asturias, Principado de",NA,0,42692,NA,59,23,NA,NA,2366,NA,"Asturias - Portal de Transparencia en Datos","https://app.transparenciaendatos.es/v/#!/5eb4344e16b9fc465933d294",NA,118080,75388,NA
2020-05-17,"Asturias","Asturias, Principado de",NA,3,44353,NA,60,23,NA,NA,2369,NA,"Asturias - Portal de Transparencia en Datos","https://app.transparenciaendatos.es/v/#!/5eb4344e16b9fc465933d295",NA,121020,76667,NA
2020-05-18,"Asturias","Asturias, Principado de",NA,4,46907,NA,64,19,NA,NA,2373,NA,"Asturias - Portal de Transparencia en Datos","https://app.transparenciaendatos.es/v/#!/5eb4344e16b9fc465933d296",NA,125604,78697,NA
2020-05-19,"Asturias","Asturias, Principado de",NA,1,48667,NA,52,16,NA,NA,2374,NA,"Asturias - Portal de Transparencia en Datos","https://app.transparenciaendatos.es/v/#!/5eb4344e16b9fc465933d297",NA,129477,80810,NA
2020-05-20,"Asturias","Asturias, Principado de",NA,0,0,NA,50,15,NA,NA,2374,NA,"Asturias - Portal de Transparencia en Datos","https://app.transparenciaendatos.es/v/#!/5eb4344e16b9fc465933d298",NA,0,0,NA
2020-05-21,"Asturias","Asturias, Principado de",NA,2,51417,NA,50,13,NA,NA,2376,NA,"Asturias - Portal de Transparencia en Datos","https://app.transparenciaendatos.es/v/#!/5eb4344e16b9fc465933d299",NA,133425,82008,NA
2020-05-22,"Asturias","Asturias, Principado de",NA,1,53006,NA,40,13,NA,NA,2377,NA,"Asturias - Portal de Transparencia en Datos","https://app.transparenciaendatos.es/v/#!/5eb4344e16b9fc465933d300",NA,136569,83563,NA
2020-05-23,"Asturias","Asturias, Principado de",NA,20,53843,NA,40,13,NA,NA,2397,NA,"Asturias - Portal de Transparencia en Datos","https://app.transparenciaendatos.es/v/#!/5eb4344e16b9fc465933d301",NA,138838,84995,NA
2020-05-24,"Asturias","Asturias, Principado de",NA,2,54538,NA,42,13,NA,NA,2399,NA,"Asturias - Portal de Transparencia en Datos","https://app.transparenciaendatos.es/v/#!/5eb4344e16b9fc465933d302",NA,140908,86370,NA
2020-05-25,"Asturias","Asturias, Principado de",NA,0,56075,NA,38,13,NA,NA,2399,NA,"Asturias - Portal de Transparencia en Datos","https://app.transparenciaendatos.es/v/#!/5eb4344e16b9fc465933d303",NA,144159,88084,NA
2020-05-26,"Asturias","Asturias, Principado de",NA,1,57711,NA,34,13,NA,NA,2400,NA,"Asturias - Portal de Transparencia en Datos","https://app.transparenciaendatos.es/v/#!/5eb4344e16b9fc465933d304",NA,147192,89481,NA
2020-05-27,"Asturias","Asturias, Principado de",NA,0,59609,NA,32,10,NA,NA,2400,NA,"Asturias - Portal de Transparencia en Datos","https://app.transparenciaendatos.es/v/#!/5eb4344e16b9fc465933d305",NA,150347,90738,NA
2020-05-28,"Asturias","Asturias, Principado de",NA,3,61418,NA,29,10,NA,NA,2403,NA,"Asturias - Portal de Transparencia en Datos","https://app.transparenciaendatos.es/v/#!/5eb4344e16b9fc465933d306",NA,153916,92498,NA
2020-05-29,"Asturias","Asturias, Principado de",NA,18,62747,NA,27,10,NA,NA,2421,NA,"Asturias - Portal de Transparencia en Datos","https://app.transparenciaendatos.es/v/#!/5eb4344e16b9fc465933d307",NA,156726,93979,NA
2020-05-30,"Asturias","Asturias, Principado de",NA,3,63285,NA,31,9,NA,NA,2424,NA,"Asturias - Portal de Transparencia en Datos","https://app.transparenciaendatos.es/v/#!/5eb4344e16b9fc465933d308",NA,158644,95359,NA
2020-05-31,"Asturias","Asturias, Principado de",NA,1,63706,NA,30,9,NA,NA,2425,NA,"Asturias - Portal de Transparencia en Datos","https://app.transparenciaendatos.es/v/#!/5eb4344e16b9fc465933d309",NA,159839,96133,NA
2020-06-01,"Asturias","Asturias, Principado de",NA,0,65071,NA,28,9,NA,NA,2425,NA,"Asturias - Portal de Transparencia en Datos","https://app.transparenciaendatos.es/v/#!/5eb4344e16b9fc465933d310",NA,162245,97174,NA
2020-06-02,"Asturias","Asturias, Principado de",NA,0,66150,NA,29,9,NA,NA,2425,NA,"Asturias - Portal de Transparencia en Datos","https://app.transparenciaendatos.es/v/#!/5eb4344e16b9fc465933d311",NA,164892,98742,NA
2020-06-03,"Asturias","Asturias, Principado de",NA,0,67327,NA,26,9,NA,NA,2425,NA,"Asturias - Portal de Transparencia en Datos","https://app.transparenciaendatos.es/v/#!/5eb4344e16b9fc465933d312",NA,166840,99513,NA
2020-06-04,"Asturias","Asturias, Principado de",NA,-1,68323,NA,26,9,NA,NA,2424,NA,"Asturias - Portal de Transparencia en Datos","https://app.transparenciaendatos.es/v/#!/5eb4344e16b9fc465933d313",NA,170261,101938,NA
2020-06-05,"Asturias","Asturias, Principado de",NA,2,69154,NA,12,9,NA,NA,2426,NA,"Asturias - Portal de Transparencia en Datos","https://app.transparenciaendatos.es/v/#!/5eb4344e16b9fc465933d314",NA,172634,103480,NA
2020-06-06,"Asturias","Asturias, Principado de",NA,1,69737,NA,12,9,NA,NA,2427,NA,"Asturias - Portal de Transparencia en Datos","https://app.transparenciaendatos.es/v/#!/5eb4344e16b9fc465933d315",NA,174040,104303,NA
2020-06-07,"Asturias","Asturias, Principado de",NA,2,70277,NA,12,9,NA,NA,2429,NA,"Asturias - Portal de Transparencia en Datos","https://app.transparenciaendatos.es/v/#!/5eb4344e16b9fc465933d316",NA,175288,105011,NA
2020-06-08,"Asturias","Asturias, Principado de",NA,2,71132,NA,13,9,NA,NA,2431,NA,"Asturias - Portal de Transparencia en Datos","https://app.transparenciaendatos.es/v/#!/5eb4344e16b9fc465933d317",NA,177342,106210,NA
2020-06-09,"Asturias","Asturias, Principado de",NA,0,72285,NA,13,9,NA,NA,2431,NA,"Asturias - Portal de Transparencia en Datos","https://app.transparenciaendatos.es/v/#!/5eb4344e16b9fc465933d318",NA,179685,107400,NA
2020-06-10,"Asturias","Asturias, Principado de",NA,0,73622,NA,11,9,NA,NA,2431,NA,"Asturias - Portal de Transparencia en Datos","https://app.transparenciaendatos.es/v/#!/5eb4344e16b9fc465933d319",NA,182244,108622,NA
2020-06-11,"Asturias","Asturias, Principado de",NA,4,74784,NA,7,10,NA,NA,2435,NA,"Asturias - Portal de Transparencia en Datos","https://app.transparenciaendatos.es/v/#!/5eb4344e16b9fc465933d320",NA,184184,109400,NA
2020-06-12,"Asturias","Asturias, Principado de",NA,2,75531,NA,7,10,NA,NA,2437,NA,"Asturias - Portal de Transparencia en Datos","https://app.transparenciaendatos.es/v/#!/5eb4344e16b9fc465933d321",NA,186352,110821,NA
2020-06-13,"Asturias","Asturias, Principado de",NA,0,76082,NA,7,11,NA,NA,2437,NA,"Asturias - Portal de Transparencia en Datos","https://app.transparenciaendatos.es/v/#!/5eb4344e16b9fc465933d322",NA,187434,111352,NA
2020-06-14,"Asturias","Asturias, Principado de",NA,0,76666,NA,7,12,NA,NA,2437,NA,"Asturias - Portal de Transparencia en Datos","https://app.transparenciaendatos.es/v/#!/5eb4344e16b9fc465933d323",NA,188848,112182,NA
2020-06-15,"Asturias","Asturias, Principado de",NA,-1,77639,NA,9,12,NA,NA,2436,NA,"Asturias - Portal de Transparencia en Datos","https://app.transparenciaendatos.es/v/#!/5eb4344e16b9fc465933d324",NA,190888,113249,NA
2020-06-16,"Asturias","Asturias, Principado de",NA,0,79021,NA,5,11,NA,NA,2436,NA,"Asturias - Portal de Transparencia en Datos","https://app.transparenciaendatos.es/v/#!/5eb4344e16b9fc465933d325",NA,193246,114225,NA
2020-06-17,"Asturias","Asturias, Principado de",NA,-1,80091,NA,8,7,NA,NA,2435,NA,"Asturias - Portal de Transparencia en Datos","https://app.transparenciaendatos.es/v/#!/5eb4344e16b9fc465933d326",NA,195837,115746,NA
2020-06-18,"Asturias","Asturias, Principado de",NA,0,81326,NA,5,9,NA,NA,2435,NA,"Asturias - Portal de Transparencia en Datos","https://app.transparenciaendatos.es/v/#!/5eb4344e16b9fc465933d327",NA,198078,116752,NA
2020-06-19,"Asturias","Asturias, Principado de",NA,0,82125,NA,3,9,NA,NA,2435,NA,"Asturias - Portal de Transparencia en Datos","https://app.transparenciaendatos.es/v/#!/5eb4344e16b9fc465933d328",NA,199891,117766,NA
2020-06-20,"Asturias","Asturias, Principado de",NA,0,NA,NA,3,8,NA,NA,2435,2004,"Gobierno de Asturias - Twitter ","https://twitter.com/GobAsturias/status/1274789723458932737",NA,NA,NA,NA
2020-06-21,"Asturias","Asturias, Principado de",NA,0,83644,NA,5,8,NA,NA,2435,2008,"Asturias - Portal de Transparencia en Datos","https://app.transparenciaendatos.es/v/#!/5eb4344e16b9fc465933d329",NA,203409,119765,NA
2020-06-22,"Asturias","Asturias, Principado de",NA,0,84069,NA,4,8,NA,NA,2435,NA,"Asturias - Portal de Transparencia en Datos","https://app.transparenciaendatos.es/v/#!/5eb4344e16b9fc465933d330",NA,204386,120317,NA
2020-06-23,"Asturias","Asturias, Principado de",NA,0,84911,NA,4,7,NA,NA,2435,NA,"Asturias - Portal de Transparencia en Datos","https://app.transparenciaendatos.es/v/#!/5eb4344e16b9fc465933d331",NA,206466,121555,NA
2020-06-24,"Asturias","Asturias, Principado de",NA,0,85801,NA,3,6,NA,NA,2435,NA,"Asturias - Portal de Transparencia en Datos","https://app.transparenciaendatos.es/v/#!/5eb4344e16b9fc465933d332",NA,208395,122594,NA
2020-06-25,"Asturias","Asturias, Principado de",NA,0,86636,NA,1,6,NA,NA,2435,NA,"Asturias - Portal de Transparencia en Datos","https://app.transparenciaendatos.es/v/#!/5eb4344e16b9fc465933d333",NA,210439,123803,NA
2020-06-26,"Asturias","Asturias, Principado de",NA,0,NA,NA,3,6,335,NA,2435,2046,"Gobierno de Asturias - Twitter ","https://twitter.com/GobAsturias/status/1276149333461807104",NA,NA,NA,NA
2020-06-27,"Asturias","Asturias, Principado de",NA,0,87860,NA,1,5,NA,NA,2435,NA,"Asturias - Portal de Transparencia en Datos","https://app.transparenciaendatos.es/v/#!/5eb4344e16b9fc465933d334",NA,213749,125889,NA
2020-06-28,"Asturias","Asturias, Principado de",NA,0,88287,NA,1,5,NA,NA,2435,NA,"Asturias - Portal de Transparencia en Datos","https://app.transparenciaendatos.es/v/#!/5eb4344e16b9fc465933d335",NA,214964,126677,NA
2020-06-29,"Asturias","Asturias, Principado de",NA,0,89031,NA,1,5,NA,NA,2435,NA,"Asturias - Portal de Transparencia en Datos","https://app.transparenciaendatos.es/v/#!/5eb4344e16b9fc465933d336",NA,216470,127439,NA
2020-06-30,"Asturias","Asturias, Principado de",NA,0,89639,NA,1,4,NA,NA,2435,NA,"Asturias - Portal de Transparencia en Datos","https://app.transparenciaendatos.es/v/#!/5eb4344e16b9fc465933d337",NA,218516,128877,NA
2020-07-01,"Asturias","Asturias, Principado de",NA,0,90093,NA,1,4,NA,NA,2435,NA,"Asturias - Portal de Transparencia en Datos","https://app.transparenciaendatos.es/v/#!/5eb4344e16b9fc465933d338",NA,220258,130165,NA
2020-07-02,"Asturias","Asturias, Principado de",NA,0,90504,NA,1,4,NA,NA,2435,NA,"Asturias - Portal de Transparencia en Datos","https://app.transparenciaendatos.es/v/#!/5eb4344e16b9fc465933d339",NA,221780,131276,NA
2020-07-03,"Asturias","Asturias, Principado de",NA,0,NA,NA,0,4,338,NA,2435,2063,"Gobierno de Asturias - Twitter ","https://twitter.com/GobAsturias/status/1279364751919849473/photo",NA,NA,NA,NA
2020-07-04,"Asturias","Asturias, Principado de",NA,0,91365,NA,0,4,NA,NA,2435,NA,"Asturias - Portal de Transparencia en Datos","https://app.transparenciaendatos.es/v/#!/5eb4344e16b9fc465933d340",NA,224416,133051,NA
2020-07-05,"Asturias","Asturias, Principado de",NA,0,91471,NA,0,4,NA,NA,2435,NA,"Asturias - Portal de Transparencia en Datos","https://app.transparenciaendatos.es/v/#!/5eb4344e16b9fc465933d341",NA,225215,133744,NA
2020-07-06,"Asturias","Asturias, Principado de",NA,1,92169,NA,1,3,NA,NA,2436,NA,"Asturias - Portal de Transparencia en Datos","https://app.transparenciaendatos.es/v/#!/5eb4344e16b9fc465933d342",NA,226833,134664,NA
2020-07-07,"Asturias","Asturias, Principado de",NA,0,92679,NA,1,3,NA,NA,2436,NA,"Asturias - Portal de Transparencia en Datos","https://app.transparenciaendatos.es/v/#!/5eb4344e16b9fc465933d343",NA,228619,135940,NA
2020-07-08,"Asturias","Asturias, Principado de",NA,0,93158,NA,1,3,NA,NA,2436,NA,"Asturias - Portal de Transparencia en Datos","https://app.transparenciaendatos.es/v/#!/5eb4344e16b9fc465933d344",NA,230477,137319,NA
2020-07-09,"Asturias","Asturias, Principado de",NA,1,93723,NA,1,3,339,NA,2437,2078,"Asturias - Portal de Transparencia en Datos","https://app.transparenciaendatos.es/v/#!/5eb4344e16b9fc465933d345",NA,232383,138660,NA
2020-07-10,"Asturias","Asturias, Principado de",NA,NA,NA,NA,NA,NA,NA,NA,NA,NA,"","NO HAY DATOS",NA,NA,NA,NA
2020-07-11,"Asturias","Asturias, Principado de",NA,NA,NA,NA,NA,NA,NA,NA,NA,NA,"","NO HAY DATOS",NA,NA,NA,NA
2020-07-12,"Asturias","Asturias, Principado de",NA,0,94564,NA,1,3,NA,NA,2437,NA,"Asturias - Portal de Transparencia en Datos","https://app.transparenciaendatos.es/v/#!/5eb4344e16b9fc465933d346",NA,235634,141070,NA
2020-07-13,"Asturias","Asturias, Principado de",NA,5,95110,NA,1,3,NA,NA,2442,NA,"Asturias - Portal de Transparencia en Datos","https://app.transparenciaendatos.es/v/#!/5eb4344e16b9fc465933d347",NA,237185,142075,NA
2020-07-14,"Asturias","Asturias, Principado de",NA,0,95625,NA,1,3,NA,NA,2442,NA,"Asturias - Portal de Transparencia en Datos","https://app.transparenciaendatos.es/v/#!/5eb4344e16b9fc465933d348",NA,238832,143207,NA
2020-07-15,"Asturias","Asturias, Principado de",NA,0,96099,NA,1,3,339,NA,2442,NA,"Asturias - Portal de Transparencia en Datos","https://app.transparenciaendatos.es/v/#!/5eb4344e16b9fc465933d217",NA,240487,144388,NA
2020-07-16,"Asturias","Asturias, Principado de",NA,0,96610,NA,1,3,339,NA,2442,NA,"Asturias - Portal de Transparencia en Datos","https://app.transparenciaendatos.es/v/#!/5eb4344e16b9fc465933d217",NA,242180,145570,NA
2020-07-17,"Asturias","Asturias, Principado de",NA,1,NA,NA,NA,NA,NA,NA,2443,NA,"Coronavirus Asturias COVID-19 - Coronavirus - Noticias","https://coronavirus.asturias.es/",NA,NA,NA,NA
2020-07-18,"Asturias","Asturias, Principado de",NA,2,NA,NA,NA,NA,NA,NA,2445,NA,"Coronavirus Asturias COVID-19 - Coronavirus - Noticias","https://coronavirus.asturias.es/",NA,NA,NA,NA
2020-07-19,"Asturias","Asturias, Principado de",NA,1,97541,NA,1,3,339,NA,2446,2077,"Coronavirus Asturias COVID-19 - Coronavirus","https://coronavirus.asturias.es/",NA,245553,148012,NA
2020-07-20,"Asturias","Asturias, Principado de",NA,2,98257,NA,2,3,339,NA,2448,NA,"Asturias - Portal de Transparencia en Datos","https://app.transparenciaendatos.es/v/#!/5eb4344e16b9fc465933d217",NA,247333,149076,NA
2020-07-21,"Asturias","Asturias, Principado de",NA,2,98898,NA,2,3,339,NA,2450,2077,"Coronavirus Asturias COVID-19 - Coronavirus","https://coronavirus.asturias.es/",NA,249199,150301,NA
2020-07-22,"Asturias","Asturias, Principado de",NA,2,NA,NA,3,3,339,NA,2452,2077,"Gobierno de Asturias - Twitter","https://twitter.com/GobAsturias/status/1286281770187526144",NA,NA,NA,NA
2020-07-23,"Asturias","Asturias, Principado de",NA,2,NA,NA,3,3,339,NA,2454,2077,"Gobierno de Asturias - Twitter","https://twitter.com/GobAsturias/status/1286626238912770049",NA,NA,NA,NA
2020-07-24,"Asturias","Asturias, Principado de",NA,NA,NA,NA,NA,NA,NA,NA,NA,NA,"","",NA,NA,NA,NA
2020-07-25,"Asturias","Asturias, Principado de",NA,NA,NA,NA,NA,NA,NA,NA,NA,NA,"","",NA,NA,NA,NA
2020-07-26,"Asturias","Asturias, Principado de",NA,13,NA,NA,3,3,339,NA,2467,2077,"Gobierno de Asturias - Twitter","https://twitter.com/GobAsturias/status/1287759705587306496",NA,NA,NA,NA
2020-07-27,"Asturias","Asturias, Principado de",NA,3,NA,NA,3,3,340,NA,2470,2077,"Gobierno de Asturias - Twitter","https://twitter.com/GobAsturias/status/1288103439713464321",NA,NA,NA,NA
2020-07-28,"Asturias","Asturias, Principado de",NA,14,NA,NA,4,2,340,NA,2484,2082,"Gobierno de Asturias - Twitter","https://twitter.com/GobAsturias/status/1288457080232345606",NA,NA,NA,NA
2020-07-29,"Asturias","Asturias, Principado de",NA,19,NA,NA,3,3,340,NA,2503,2082,"Gobierno de Asturias - Twitter","https://twitter.com/GobAsturias/status/1288826336782487553",NA,NA,NA,NA
2020-07-30,"Asturias","Asturias, Principado de",NA,26,NA,NA,3,3,340,NA,2529,2082,"Gobierno de Asturias - Twitter","https://twitter.com/GobAsturias/status/1289208994075049986",NA,NA,NA,NA
2020-07-31,"Asturias","Asturias, Principado de",NA,NA,NA,NA,NA,NA,NA,NA,NA,NA,"","",NA,NA,NA,NA
2020-08-01,"Asturias","Asturias, Principado de",NA,NA,NA,NA,NA,NA,NA,NA,NA,NA,"","",NA,NA,NA,NA
2020-08-02,"Asturias","Asturias, Principado de",NA,26,NA,NA,0,4,340,NA,2555,2083,"Gobierno de Asturias - Twitter","https://twitter.com/GobAsturias/status/1290270876953321472",NA,NA,NA,NA
2020-08-03,"Asturias","Asturias, Principado de",NA,9,NA,NA,0,4,340,NA,2564,2083,"Gobierno de Asturias - Twitter","https://twitter.com/GobAsturias/status/1290627512662458371",NA,NA,NA,NA
2020-08-04,"Asturias","Asturias, Principado de",NA,24,NA,NA,0,4,340,NA,2588,2083,"Gobierno de Asturias - Twitter","https://twitter.com/GobAsturias/status/1290990674536538112",NA,NA,NA,NA
2020-08-05,"Asturias","Asturias, Principado de",NA,32,NA,NA,4,0,340,NA,2620,2083,"Gobierno de Asturias - Twitter","https://twitter.com/GobAsturias/status/1291352044884955136",NA,NA,NA,NA
2020-08-06,"Asturias","Asturias, Principado de",NA,31,NA,NA,4,1,340,NA,2651,2088,"Gobierno de Asturias - Twitter","https://twitter.com/GobAsturias/status/1291712609583063046",NA,NA,NA,NA
2020-08-07,"Asturias","Asturias, Principado de",NA,15,NA,NA,NA,NA,NA,NA,2666,NA,"Gobierno de Asturias - Coronavirus","https://coronavirus.asturias.es/-/salud-notifica-quince-nuevos-positivos-por-coronavirus-tres-de-los-cuales-est%C3%A1n-relacionados-con-otros-tantos-brotes-activos?redirect=%2F",NA,NA,NA,NA
2020-08-08,"Asturias","Asturias, Principado de",NA,NA,NA,NA,NA,NA,NA,NA,NA,NA,"Gobierno de Asturias - Coronavirus","https://coronavirus.asturias.es/-/salud-confirma-21-nuevos-casos-de-coronavirus-s%C3%B3lo-uno-relacionado-con-los-brotes-existentes?redirect=/",NA,NA,NA,NA
2020-08-09,"Asturias","Asturias, Principado de",NA,41,NA,NA,4,2,340,NA,2707,2088,"Gobierno de Asturias - Twitter","https://twitter.com/GobAsturias/status/1292811709078482944",NA,NA,NA,NA
2020-08-10,"Asturias","Asturias, Principado de",NA,11,NA,NA,3,3,340,NA,2718,2095,"Gobierno de Asturias - Twitter","https://twitter.com/GobAsturias/status/1293165847087849472",NA,NA,NA,NA
2020-08-11,"Asturias","Asturias, Principado de",NA,23,NA,NA,3,3,340,NA,2741,2107,"Gobierno de Asturias - Twitter","https://twitter.com/GobAsturias/status/1293530678542438402",NA,NA,NA,NA
2020-08-12,"Asturias","Asturias, Principado de",NA,33,NA,NA,5,3,340,NA,2774,2107,"Gobierno de Asturias - Twitter","https://twitter.com/GobAsturias/status/1293886934192988171",NA,NA,NA,NA
2020-08-13,"Asturias","Asturias, Principado de",NA,24,NA,NA,5,2,340,NA,2798,2122,"Gobierno de Asturias - Twitter","https://twitter.com/GobAsturias/status/1294240169940389893",NA,NA,NA,NA
2020-08-14,"Asturias","Asturias, Principado de",NA,NA,NA,NA,NA,NA,NA,NA,NA,NA,"Gobierno de Asturias - Twitter","https://twitter.com/GobAsturias/status/1294619214347735040",NA,NA,NA,NA
2020-08-15,"Asturias","Asturias, Principado de",NA,NA,NA,NA,NA,NA,NA,NA,NA,NA,"Gobierno de Asturias - Twitter","https://twitter.com/GobAsturias/status/1294979957974798339",NA,NA,NA,NA
2020-08-16,"Asturias","Asturias, Principado de",NA,76,NA,NA,9,2,340,NA,2874,2122,"Gobierno de Asturias - Twitter","https://twitter.com/GobAsturias/status/1295338070250840072",NA,NA,NA,NA
2020-08-17,"Asturias","Asturias, Principado de",NA,5,NA,NA,8,2,340,NA,2879,2124,"Gobierno de Asturias - Twitter","https://twitter.com/GobAsturias/status/1295697160810504193",NA,NA,NA,NA
2020-08-18,"Asturias","Asturias, Principado de",NA,31,NA,NA,8,2,340,NA,2910,2126,"Gobierno de Asturias - Coronavirus","https://coronavirus.asturias.es/",NA,NA,NA,NA
2020-08-19,"Asturias","Asturias, Principado de",NA,23,NA,NA,7,2,340,NA,2933,2125,"Gobierno de Asturias - Coronavirus","https://coronavirus.asturias.es/",NA,NA,NA,NA
2020-08-20,"Asturias","Asturias, Principado de",NA,40,NA,NA,6,2,340,NA,2973,2125,"Gobierno de Asturias - Coronavirus","https://coronavirus.asturias.es/",NA,NA,NA,NA
2020-08-21,"Asturias","Asturias, Principado de",NA,31,NA,NA,NA,NA,NA,NA,3004,NA,"Gobierno de Asturias - Coronavirus","https://coronavirus.asturias.es/-/salud-confirma-31-nuevos-casos-positivos-de-coronavirus",NA,NA,NA,NA
2020-08-22,"Asturias","Asturias, Principado de",NA,27,NA,NA,NA,NA,341,NA,3031,NA,"Gobierno de Asturias - Twitter","https://twitter.com/GobAsturias/status/1297516522638909440",NA,NA,NA,NA
2020-08-23,"Asturias","Asturias, Principado de",NA,17,NA,NA,8,3,341,NA,3048,2139,"Gobierno de Asturias - Coronavirus","https://coronavirus.asturias.es/",NA,NA,NA,NA
2020-08-24,"Asturias","Asturias, Principado de",NA,52,NA,NA,9,2,341,NA,3100,2140,"Gobierno de Asturias - Coronavirus","https://coronavirus.asturias.es/",NA,NA,NA,NA
2020-08-25,"Asturias","Asturias, Principado de",NA,48,NA,NA,10,2,341,NA,3148,2140,"Gobierno de Asturias - Coronavirus","https://coronavirus.asturias.es/",NA,NA,NA,NA
2020-08-26,"Asturias","Asturias, Principado de",NA,36,NA,NA,9,2,341,NA,3184,2152,"Gobierno de Asturias - Coronavirus","https://coronavirus.asturias.es/",NA,NA,NA,NA
2020-08-27,"Asturias","Asturias, Principado de",NA,35,NA,NA,13,2,341,NA,3219,2152,"Gobierno de Asturias - Coronavirus","https://coronavirus.asturias.es/",NA,NA,NA,NA
2020-08-28,"Asturias","Asturias, Principado de",NA,44,NA,NA,NA,NA,NA,NA,3263,NA,"Gobieno de Asturias","https://coronavirus.asturias.es/-/salud-confirma-44-nuevos-positivos-por-la-covid-19",NA,NA,NA,NA
2020-08-29,"Asturias","Asturias, Principado de",NA,31,NA,NA,NA,NA,NA,NA,3294,NA,"Gobierno de Asturias - Coronavirus","https://coronavirus.asturias.es/-/salud-intensifica-la-vigilancia-en-los-municipios-en-alerta-naranja-con-cribados-por-coronavirus-a-trabajadores-de-centros-residenciales-de-mayores-y-de-discapacidad?redirect=%2Finicio",NA,NA,NA,NA
2020-08-30,"Asturias","Asturias, Principado de",NA,27,NA,NA,13,4,341,NA,3321,2194,"Gobierno de Asturias - Coronavirus","https://coronavirus.asturias.es/-/salud-intensifica-la-vigilancia-en-los-municipios-en-alerta-naranja-con-cribados-por-coronavirus-a-trabajadores-de-centros-residenciales-de-mayores-y-de-discapacidad?redirect=%2Finicio",NA,NA,NA,NA
2020-08-31,"Asturias","Asturias, Principado de",NA,33,NA,NA,23,4,341,NA,3354,2194,"Gobierno de Asturias - Coronavirus","https://coronavirus.asturias.es/-/salud-intensifica-la-vigilancia-en-los-municipios-en-alerta-naranja-con-cribados-por-coronavirus-a-trabajadores-de-centros-residenciales-de-mayores-y-de-discapacidad?redirect=%2Finicio",NA,NA,NA,NA
2020-09-01,"Asturias","Asturias, Principado de",NA,30,NA,NA,22,5,341,NA,3384,2194,"Gobierno de Asturias - Coronavirus","https://coronavirus.asturias.es/-/salud-intensifica-la-vigilancia-en-los-municipios-en-alerta-naranja-con-cribados-por-coronavirus-a-trabajadores-de-centros-residenciales-de-mayores-y-de-discapacidad?redirect=%2Finicio",NA,NA,NA,NA
2020-09-02,"Asturias","Asturias, Principado de",NA,49,NA,NA,27,4,341,NA,3433,2194,"Gobierno de Asturias - Coronavirus","https://coronavirus.asturias.es/-/salud-intensifica-la-vigilancia-en-los-municipios-en-alerta-naranja-con-cribados-por-coronavirus-a-trabajadores-de-centros-residenciales-de-mayores-y-de-discapacidad?redirect=%2Finicio",NA,NA,NA,NA
2020-09-03,"Asturias","Asturias, Principado de",NA,44,NA,NA,28,5,341,NA,3477,2194,"Gobierno de Asturias - Twitter","https://twitter.com/GobAsturias/status/1301861824162398208",NA,NA,NA,NA
2020-09-04,"Asturias","Asturias, Principado de",NA,NA,NA,NA,NA,NA,343,NA,NA,NA,"Gobierno de Asturias - Twitter","https://twitter.com/GobAsturias/status/1302217215542951938",NA,NA,NA,NA
2020-09-05,"Asturias","Asturias, Principado de",NA,NA,NA,NA,NA,NA,NA,NA,NA,NA,"","",NA,NA,NA,NA
2020-09-06,"Asturias","Asturias, Principado de",NA,200,NA,NA,36,7,343,NA,3677,2194,"Gobierno de Asturias","https://coronavirus.asturias.es/",NA,NA,NA,NA
2020-09-07,"Asturias","Asturias, Principado de",NA,16,NA,NA,33,7,344,NA,3693,2194,"Gobierno de Asturias","https://coronavirus.asturias.es/",NA,NA,NA,NA
2020-09-08,"Asturias","Asturias, Principado de",NA,65,NA,NA,35,8,344,NA,3758,2194,"Gobierno de Asturias","https://coronavirus.asturias.es/",NA,NA,NA,NA
2020-09-09,"Asturias","Asturias, Principado de",NA,22,NA,NA,35,9,344,NA,3780,2193,"Gobierno de Asturias","https://coronavirus.asturias.es/",NA,NA,NA,NA
2020-09-10,"Asturias","Asturias, Principado de",NA,47,NA,NA,38,8,344,NA,3827,2193,"Gobierno de Asturias","https://coronavirus.asturias.es/",NA,NA,NA,NA
2020-09-11,"Asturias","Asturias, Principado de",NA,NA,NA,NA,NA,NA,NA,NA,NA,NA,"","SABADO: no se ofrecen datos",NA,NA,NA,NA
2020-09-12,"Asturias","Asturias, Principado de",NA,NA,NA,NA,NA,NA,NA,NA,NA,NA,"","DOMINGO: no se ofrecen datos",NA,NA,NA,NA
2020-09-13,"Asturias","Asturias, Principado de",NA,215,NA,NA,37,10,345,NA,4042,2195,"Gobierno de Asturias","https://coronavirus.asturias.es/",NA,NA,NA,NA
2020-09-14,"Asturias","Asturias, Principado de",NA,52,NA,NA,36,11,346,NA,4094,2196,"Gobierno de Asturias - Twitter","https://twitter.com/GobAsturias/status/1305899511680847889",NA,NA,NA,NA
2020-09-15,"Asturias","Asturias, Principado de",NA,72,NA,NA,33,11,346,NA,4166,2200,"Gobierno de Asturias - Twitter","https://twitter.com/GobAsturias/status/1306263479540682752",NA,NA,NA,NA
2020-09-16,"Asturias","Asturias, Principado de",NA,79,NA,NA,33,10,347,NA,4245,2200,"Gobierno de Asturias","https://coronavirus.asturias.es/",NA,NA,NA,NA
2020-09-17,"Asturias","Asturias, Principado de",NA,93,NA,NA,29,12,347,NA,4338,2202,"Gobierno de Asturias","https://twitter.com/GobAsturias/status/1306995973571383300",NA,NA,NA,NA
2020-09-18,"Asturias","Asturias, Principado de",NA,NA,NA,NA,NA,NA,NA,NA,NA,NA,"Gobierno de Asturias","https://coronavirus.asturias.es/-/salud-confirma-96-nuevos-casos-de-coronavirus",NA,NA,NA,NA
2020-09-19,"Asturias","Asturias, Principado de",NA,NA,NA,NA,NA,NA,NA,NA,NA,NA,"","DOMINGO: no se ofrecen datos",NA,NA,NA,NA
2020-09-20,"Asturias","Asturias, Principado de",NA,287,NA,NA,33,11,347,NA,4625,2204,"Gobierno de Asturias","https://coronavirus.asturias.es/",NA,NA,NA,NA
2020-09-21,"Asturias","Asturias, Principado de",NA,67,NA,NA,38,11,348,NA,4692,2205,"Gobierno de Asturias","https://twitter.com/GobAsturias/status/1308438845705334791",NA,NA,NA,NA
2020-09-22,"Asturias","Asturias, Principado de",NA,79,NA,NA,37,11,348,NA,4771,2217,"Gobierno de Asturias","https://twitter.com/GobAsturias/status/1308806543379443712",NA,NA,NA,NA
2020-09-23,"Asturias","Asturias, Principado de",NA,102,NA,NA,39,13,348,NA,4873,2222,"Gobierno de Asturias","https://twitter.com/GobAsturias/status/1309164430387798019/photo/1",NA,NA,NA,NA
2020-09-24,"Asturias","Asturias, Principado de",NA,90,NA,NA,51,11,349,NA,4963,2223,"Gobierno de Asturias","https://coronavirus.asturias.es/",NA,NA,NA,NA
2020-09-25,"Asturias","Asturias, Principado de",NA,NA,NA,NA,NA,NA,NA,NA,NA,NA,"","",NA,NA,NA,NA
2020-09-26,"Asturias","Asturias, Principado de",NA,NA,NA,NA,NA,NA,NA,NA,NA,NA,"","",NA,NA,NA,NA
2020-09-27,"Asturias","Asturias, Principado de",NA,304,NA,NA,49,14,350,NA,5267,2227,"Gobierno de Asturias","https://coronavirus.asturias.es/",NA,NA,NA,NA
2020-09-28,"Asturias","Asturias, Principado de",NA,67,NA,NA,47,17,350,NA,5334,2264,"Gobierno de Asturias","https://coronavirus.asturias.es/",NA,NA,NA,NA
2020-09-29,"Asturias","Asturias, Principado de",NA,66,NA,NA,44,16,352,NA,5400,2269,"Gobierno de Asturias","https://coronavirus.asturias.es/",NA,NA,NA,NA
2020-09-30,"Asturias","Asturias, Principado de",NA,111,NA,NA,39,14,355,NA,5511,2269,"Gobierno de Asturias","https://coronavirus.asturias.es/",NA,NA,NA,NA
2020-10-01,"Asturias","Asturias, Principado de",NA,75,NA,NA,43,17,356,NA,5586,2286,"Gobierno de Asturias","https://coronavirus.asturias.es/",NA,NA,NA,NA
2020-10-02,"Asturias","Asturias, Principado de",NA,NA,NA,NA,NA,NA,NA,NA,NA,NA,"Fin de semana: no publican datos","",NA,NA,NA,NA
2020-10-03,"Asturias","Asturias, Principado de",NA,NA,NA,NA,NA,NA,NA,NA,NA,NA,"Fin de semana: no publican datos","",NA,NA,NA,NA
2020-10-04,"Asturias","Asturias, Principado de",NA,330,NA,NA,62,20,356,NA,5916,2289,"Gobierno de Asturias","https://coronavirus.asturias.es/",NA,NA,NA,NA
2020-10-05,"Asturias","Asturias, Principado de",NA,84,NA,NA,70,21,356,NA,6000,2297,"Gobierno de Asturias","https://coronavirus.asturias.es/",NA,NA,NA,NA
2020-10-06,"Asturias","Asturias, Principado de",NA,118,NA,NA,87,21,357,NA,6118,2297,"Gobierno de Asturias","https://coronavirus.asturias.es/",NA,NA,NA,NA
2020-10-07,"Asturias","Asturias, Principado de",NA,116,NA,NA,89,23,357,NA,6234,2299,"Gobierno de Asturias","https://coronavirus.asturias.es/",NA,NA,NA,NA
2020-10-08,"Asturias","Asturias, Principado de",NA,118,NA,NA,93,24,360,NA,6352,2300,"Gobierno de Asturias","https://coronavirus.asturias.es/",NA,NA,NA,NA
2020-10-09,"Asturias","Asturias, Principado de",NA,NA,NA,NA,NA,NA,NA,NA,NA,NA,"Gobierno de Asturias","https://twitter.com/GobAsturias/status/1314914785809633280",NA,NA,NA,NA
2020-10-10,"Asturias","Asturias, Principado de",NA,NA,NA,NA,NA,NA,NA,NA,NA,NA,"Gobierno de Asturias","https://twitter.com/GobAsturias/status/1315325566241959941",NA,NA,NA,NA
2020-10-11,"Asturias","Asturias, Principado de",NA,NA,NA,NA,NA,NA,NA,NA,NA,NA,"Gobierno de Asturias","https://twitter.com/GobAsturias/status/1315634439037300736",NA,NA,NA,NA
2020-10-12,"Asturias","Asturias, Principado de",NA,772,114842,NA,140,26,366,NA,7124,2317,"Gobierno de Asturias","https://coronavirus.asturias.es/",NA,471667,356825,NA
2020-10-13,"Asturias","Asturias, Principado de",NA,187,114957,NA,156,25,367,NA,7311,2328,"Gobierno de Asturias","https://coronavirus.asturias.es/",NA,474899,359942,NA
2020-10-14,"Asturias","Asturias, Principado de",NA,190,115043,NA,163,24,370,NA,7501,2330,"Gobierno de Asturias","https://coronavirus.asturias.es/",NA,478939,363896,NA
2020-10-15,"Asturias","Asturias, Principado de",NA,199,115112,NA,179,32,371,NA,7700,2330,"Gobierno de Asturias","https://coronavirus.asturias.es/",NA,483160,368048,NA
2020-10-16,"Asturias","Asturias, Principado de",NA,NA,NA,NA,NA,NA,NA,NA,NA,NA,NA,NA,NA,NA,NA,NA
2020-10-17,"Asturias","Asturias, Principado de",NA,NA,NA,NA,NA,NA,NA,NA,NA,NA,NA,NA,NA,NA,NA,NA
2020-10-18,"Asturias","Asturias, Principado de",NA,742,115247,NA,223,35,377,NA,8442,2352,"Gobierno de Asturias","https://coronavirus.asturias.es/",NA,494008,378761,NA
2020-10-19,"Asturias","Asturias, Principado de",NA,211,115308,NA,247,39,378,NA,8653,2354,"Gobierno de Asturias","https://coronavirus.asturias.es/",NA,497051,381743,NA
2020-10-20,"Asturias","Asturias, Principado de",NA,188,117645,NA,260,39,383,NA,8841,2360,"Gobierno de Asturias","https://coronavirus.asturias.es/",NA,507116,389471,NA
2020-10-21,"Asturias","Asturias, Principado de",NA,267,117757,NA,264,39,389,NA,9108,2361,"Gobierno de Asturias","https://coronavirus.asturias.es/",NA,511986,394229,NA
2020-10-22,"Asturias","Asturias, Principado de",NA,323,117877,NA,270,40,396,NA,9431,2364,"Gobierno de Asturias","https://coronavirus.asturias.es/",NA,517118,399241,NA
2020-10-23,"Asturias","Asturias, Principado de",NA,NA,NA,NA,NA,NA,NA,NA,NA,NA,NA,NA,NA,NA,NA,NA
2020-10-24,"Asturias","Asturias, Principado de",NA,NA,NA,NA,NA,NA,NA,NA,NA,NA,NA,NA,NA,NA,NA,NA
2020-10-25,"Asturias","Asturias, Principado de",NA,935,118069,NA,387,48,416,NA,10366,2381,"Gobierno de Asturias","https://coronavirus.asturias.es/",NA,531163,413094,NA
2020-10-26,"Asturias","Asturias, Principado de",NA,241,118187,NA,399,49,420,NA,10607,2383,"Gobierno de Asturias","https://coronavirus.asturias.es/",NA,533928,415741,NA
2020-10-27,"Asturias","Asturias, Principado de",NA,336,118197,NA,412,59,425,NA,10943,2383,"Gobierno de Asturias","https://coronavirus.asturias.es/",NA,537878,419681,NA
2020-10-28,"Asturias","Asturias, Principado de",NA,402,118307,NA,425,67,433,NA,11345,2384,"Gobierno de Asturias","https://coronavirus.asturias.es/",NA,539638,421331,NA
2020-10-29,"Asturias","Asturias, Principado de",NA,449,118589,NA,463,73,443,NA,11794,2384,"Gobierno de Asturias","https://coronavirus.asturias.es/",NA,550120,431531,NA
2020-10-30,"Asturias","Asturias, Principado de",NA,NA,NA,NA,NA,NA,NA,NA,NA,NA,NA,NA,NA,NA,NA,NA
2020-10-31,"Asturias","Asturias, Principado de",NA,NA,NA,NA,NA,NA,NA,NA,NA,NA,NA,NA,NA,NA,NA,NA
2020-11-01,"Asturias","Asturias, Principado de",NA,908,118842,NA,538,99,472,NA,12702,2412,"Gobierno de Asturias","https://coronavirus.asturias.es/",NA,562993,444151,NA
2020-11-02,"Asturias","Asturias, Principado de",NA,250,118895,NA,596,106,490,NA,12952,2451,"Gobierno de Asturias","https://coronavirus.asturias.es/",NA,565865,446970,NA
2020-11-03,"Asturias","Asturias, Principado de",NA,293,119098,NA,638,108,498,NA,13245,2451,"Gobierno de Asturias","https://coronavirus.asturias.es/",NA,570597,451499,NA
2020-11-04,"Asturias","Asturias, Principado de",NA,430,119258,NA,621,115,520,NA,13675,2466,"Gobierno de Asturias","https://coronavirus.asturias.es/",NA,575556,456298,NA
2020-11-05,"Asturias","Asturias, Principado de",NA,581,119409,NA,643,111,535,NA,14256,2471,"Gobierno de Asturias","https://coronavirus.asturias.es/",NA,581052,461643,NA
2020-11-06,"Asturias","Asturias, Principado de",NA,NA,NA,NA,NA,NA,NA,NA,NA,NA,NA,NA,NA,NA,NA,NA
2020-11-07,"Asturias","Asturias, Principado de",NA,NA,NA,NA,NA,NA,NA,NA,NA,NA,NA,NA,NA,NA,NA,NA
2020-11-08,"Asturias","Asturias, Principado de",NA,1326,119674,NA,740,129,583,NA,15582,2489,"Gobierno de Asturias","https://coronavirus.asturias.es/",NA,596023,476349,NA
2020-11-09,"Asturias","Asturias, Principado de",NA,295,119862,NA,740,129,604,NA,15877,2494,"Gobierno de Asturias","https://coronavirus.asturias.es/",NA,600548,480686,NA
2020-11-10,"Asturias","Asturias, Principado de",NA,518,120093,NA,757,128,635,NA,16395,2502,"Gobierno de Asturias","https://coronavirus.asturias.es/",NA,727571,607478,NA
2020-11-11,"Asturias","Asturias, Principado de",NA,607,120298,NA,772,133,651,NA,17002,2519,"Gobierno de Asturias","https://coronavirus.asturias.es/",NA,613573,493275,NA
2020-11-13,"Asturias","Asturias, Principado de",NA,NA,NA,NA,NA,NA,NA,NA,NA,NA,NA,NA,NA,NA,NA,NA
2020-11-14,"Asturias","Asturias, Principado de",NA,NA,NA,NA,NA,NA,NA,NA,NA,NA,NA,NA,NA,NA,NA,NA
2020-11-15,"Asturias","Asturias, Principado de",NA,2133,120841,NA,847,144,734,NA,19135,2546,"Gobierno de Asturias","https://coronavirus.asturias.es/",NA,636534,515693,NA
2020-11-16,"Asturias","Asturias, Principado de",NA,278,121117,NA,839,142,741,NA,19413,2559,"Gobierno de Asturias","https://coronavirus.asturias.es/",NA,641576,520459,NA
2020-11-17,"Asturias","Asturias, Principado de",NA,455,NA,NA,828,142,757,NA,19868,2562,"Gobierno de Asturias","https://coronavirus.asturias.es/",NA,NA,648601,NA
2020-11-18,"Asturias","Asturias, Principado de",NA,452,NA,NA,826,149,777,NA,20320,2565,"Gobierno de Asturias","https://coronavirus.asturias.es/",NA,NA,658747,NA
2020-11-19,"Asturias","Asturias, Principado de",NA,316,NA,NA,815,143,802,NA,20636,2575,"Gobierno de Asturias","https://coronavirus.asturias.es/",NA,NA,664892,NA
2020-11-20,"Asturias","Asturias, Principado de",NA,NA,NA,NA,NA,NA,NA,NA,NA,NA,NA,NA,NA,NA,NA,NA
2020-11-21,"Asturias","Asturias, Principado de",NA,NA,NA,NA,NA,NA,NA,NA,NA,NA,NA,NA,NA,NA,NA,NA
2020-11-22,"Asturias","Asturias, Principado de",NA,933,NA,NA,830,140,859,NA,21569,2591,"Gobierno de Asturias","https://coronavirus.asturias.es/",NA,NA,681551,NA
2020-11-23,"Asturias","Asturias, Principado de",NA,231,NA,NA,813,144,885,NA,21800,2600,"Gobierno de Asturias","https://coronavirus.asturias.es/",NA,NA,686500,NA
2020-11-24,"Asturias","Asturias, Principado de",NA,399,NA,NA,770,145,906,NA,22199,2614,"Gobierno de Asturias","https://coronavirus.asturias.es/",NA,NA,694083,NA
2020-11-25,"Asturias","Asturias, Principado de",NA,260,NA,NA,712,144,931,NA,22459,2619,"Gobierno de Asturias","https://coronavirus.asturias.es/",NA,NA,700159,NA
2020-11-26,"Asturias","Asturias, Principado de",NA,286,NA,NA,712,136,956,NA,22745,2621,"Gobierno de Asturias","https://coronavirus.asturias.es/",NA,NA,707260,NA
2020-11-27,"Asturias","Asturias, Principado de",NA,NA,NA,NA,NA,NA,NA,NA,NA,NA,NA,NA,NA,NA,NA,NA
2020-11-28,"Asturias","Asturias, Principado de",NA,NA,NA,NA,NA,NA,NA,NA,NA,NA,NA,NA,NA,NA,NA,NA
2020-11-29,"Asturias","Asturias, Principado de",NA,591,NA,NA,689,130,1006,NA,23336,2645,"Gobierno de Asturias","https://coronavirus.asturias.es/",NA,NA,722403,NA
2020-11-30,"Asturias","Asturias, Principado de",NA,148,NA,NA,669,131,1023,NA,23484,2675,"Gobierno de Asturias","https://coronavirus.asturias.es/",NA,NA,727696,NA
2020-12-01,"Asturias","Asturias, Principado de",NA,0,NA,NA,669,131,1023,NA,23484,2675,"Gobierno de Asturias","https://coronavirus.asturias.es/",NA,NA,727696,NA
2020-12-02,"Asturias","Asturias, Principado de",NA,237,NA,NA,665,134,1038,NA,23721,2683,"Gobierno de Asturias","https://coronavirus.asturias.es/",NA,NA,727696,NA
2020-12-03,"Asturias","Asturias, Principado de",NA,224,NA,NA,605,133,1056,NA,23945,2686,"Gobierno de Asturias","https://coronavirus.asturias.es/",NA,NA,740211,NA
2020-12-04,"Asturias","Asturias, Principado de",NA,229,NA,NA,612,129,1075,NA,24174,2692,"Gobierno de Asturias","https://coronavirus.asturias.es/",NA,NA,746036,NA
